--
-- PostgreSQL database dump
--

-- Dumped from database version 14.4 (Ubuntu 14.4-0ubuntu0.22.04.1)
-- Dumped by pg_dump version 14.4 (Ubuntu 14.4-0ubuntu0.22.04.1)

SET statement_timeout = 0;
SET lock_timeout = 0;
SET idle_in_transaction_session_timeout = 0;
SET client_encoding = 'UTF8';
SET standard_conforming_strings = on;
SELECT pg_catalog.set_config('search_path', '', false);
SET check_function_bodies = false;
SET xmloption = content;
SET client_min_messages = warning;
SET row_security = off;

SET default_tablespace = '';

SET default_table_access_method = heap;

--
-- Name: auth_group; Type: TABLE; Schema: public; Owner: test
--

CREATE TABLE public.auth_group (
    id integer NOT NULL,
    name character varying(150) NOT NULL
);


ALTER TABLE public.auth_group OWNER TO test;

--
-- Name: auth_group_id_seq; Type: SEQUENCE; Schema: public; Owner: test
--

CREATE SEQUENCE public.auth_group_id_seq
    AS integer
    START WITH 1
    INCREMENT BY 1
    NO MINVALUE
    NO MAXVALUE
    CACHE 1;


ALTER TABLE public.auth_group_id_seq OWNER TO test;

--
-- Name: auth_group_id_seq; Type: SEQUENCE OWNED BY; Schema: public; Owner: test
--

ALTER SEQUENCE public.auth_group_id_seq OWNED BY public.auth_group.id;


--
-- Name: auth_group_permissions; Type: TABLE; Schema: public; Owner: test
--

CREATE TABLE public.auth_group_permissions (
    id bigint NOT NULL,
    group_id integer NOT NULL,
    permission_id integer NOT NULL
);


ALTER TABLE public.auth_group_permissions OWNER TO test;

--
-- Name: auth_group_permissions_id_seq; Type: SEQUENCE; Schema: public; Owner: test
--

CREATE SEQUENCE public.auth_group_permissions_id_seq
    START WITH 1
    INCREMENT BY 1
    NO MINVALUE
    NO MAXVALUE
    CACHE 1;


ALTER TABLE public.auth_group_permissions_id_seq OWNER TO test;

--
-- Name: auth_group_permissions_id_seq; Type: SEQUENCE OWNED BY; Schema: public; Owner: test
--

ALTER SEQUENCE public.auth_group_permissions_id_seq OWNED BY public.auth_group_permissions.id;


--
-- Name: auth_permission; Type: TABLE; Schema: public; Owner: test
--

CREATE TABLE public.auth_permission (
    id integer NOT NULL,
    name character varying(255) NOT NULL,
    content_type_id integer NOT NULL,
    codename character varying(100) NOT NULL
);


ALTER TABLE public.auth_permission OWNER TO test;

--
-- Name: auth_permission_id_seq; Type: SEQUENCE; Schema: public; Owner: test
--

CREATE SEQUENCE public.auth_permission_id_seq
    AS integer
    START WITH 1
    INCREMENT BY 1
    NO MINVALUE
    NO MAXVALUE
    CACHE 1;


ALTER TABLE public.auth_permission_id_seq OWNER TO test;

--
-- Name: auth_permission_id_seq; Type: SEQUENCE OWNED BY; Schema: public; Owner: test
--

ALTER SEQUENCE public.auth_permission_id_seq OWNED BY public.auth_permission.id;


--
-- Name: auth_user; Type: TABLE; Schema: public; Owner: test
--

CREATE TABLE public.auth_user (
    id integer NOT NULL,
    password character varying(128) NOT NULL,
    last_login timestamp with time zone,
    is_superuser boolean NOT NULL,
    username character varying(150) NOT NULL,
    first_name character varying(150) NOT NULL,
    last_name character varying(150) NOT NULL,
    email character varying(254) NOT NULL,
    is_staff boolean NOT NULL,
    is_active boolean NOT NULL,
    date_joined timestamp with time zone NOT NULL
);


ALTER TABLE public.auth_user OWNER TO test;

--
-- Name: auth_user_groups; Type: TABLE; Schema: public; Owner: test
--

CREATE TABLE public.auth_user_groups (
    id bigint NOT NULL,
    user_id integer NOT NULL,
    group_id integer NOT NULL
);


ALTER TABLE public.auth_user_groups OWNER TO test;

--
-- Name: auth_user_groups_id_seq; Type: SEQUENCE; Schema: public; Owner: test
--

CREATE SEQUENCE public.auth_user_groups_id_seq
    START WITH 1
    INCREMENT BY 1
    NO MINVALUE
    NO MAXVALUE
    CACHE 1;


ALTER TABLE public.auth_user_groups_id_seq OWNER TO test;

--
-- Name: auth_user_groups_id_seq; Type: SEQUENCE OWNED BY; Schema: public; Owner: test
--

ALTER SEQUENCE public.auth_user_groups_id_seq OWNED BY public.auth_user_groups.id;


--
-- Name: auth_user_id_seq; Type: SEQUENCE; Schema: public; Owner: test
--

CREATE SEQUENCE public.auth_user_id_seq
    AS integer
    START WITH 1
    INCREMENT BY 1
    NO MINVALUE
    NO MAXVALUE
    CACHE 1;


ALTER TABLE public.auth_user_id_seq OWNER TO test;

--
-- Name: auth_user_id_seq; Type: SEQUENCE OWNED BY; Schema: public; Owner: test
--

ALTER SEQUENCE public.auth_user_id_seq OWNED BY public.auth_user.id;


--
-- Name: auth_user_user_permissions; Type: TABLE; Schema: public; Owner: test
--

CREATE TABLE public.auth_user_user_permissions (
    id bigint NOT NULL,
    user_id integer NOT NULL,
    permission_id integer NOT NULL
);


ALTER TABLE public.auth_user_user_permissions OWNER TO test;

--
-- Name: auth_user_user_permissions_id_seq; Type: SEQUENCE; Schema: public; Owner: test
--

CREATE SEQUENCE public.auth_user_user_permissions_id_seq
    START WITH 1
    INCREMENT BY 1
    NO MINVALUE
    NO MAXVALUE
    CACHE 1;


ALTER TABLE public.auth_user_user_permissions_id_seq OWNER TO test;

--
-- Name: auth_user_user_permissions_id_seq; Type: SEQUENCE OWNED BY; Schema: public; Owner: test
--

ALTER SEQUENCE public.auth_user_user_permissions_id_seq OWNED BY public.auth_user_user_permissions.id;


--
-- Name: brand; Type: TABLE; Schema: public; Owner: postgres
--

CREATE TABLE public.brand (
    id integer NOT NULL,
    name character(50) NOT NULL
);


ALTER TABLE public.brand OWNER TO postgres;

--
-- Name: brand_id_seq; Type: SEQUENCE; Schema: public; Owner: postgres
--

CREATE SEQUENCE public.brand_id_seq
    AS integer
    START WITH 1
    INCREMENT BY 1
    NO MINVALUE
    NO MAXVALUE
    CACHE 1;


ALTER TABLE public.brand_id_seq OWNER TO postgres;

--
-- Name: brand_id_seq; Type: SEQUENCE OWNED BY; Schema: public; Owner: postgres
--

ALTER SEQUENCE public.brand_id_seq OWNED BY public.brand.id;


--
-- Name: django_admin_log; Type: TABLE; Schema: public; Owner: test
--

CREATE TABLE public.django_admin_log (
    id integer NOT NULL,
    action_time timestamp with time zone NOT NULL,
    object_id text,
    object_repr character varying(200) NOT NULL,
    action_flag smallint NOT NULL,
    change_message text NOT NULL,
    content_type_id integer,
    user_id integer NOT NULL,
    CONSTRAINT django_admin_log_action_flag_check CHECK ((action_flag >= 0))
);


ALTER TABLE public.django_admin_log OWNER TO test;

--
-- Name: django_admin_log_id_seq; Type: SEQUENCE; Schema: public; Owner: test
--

CREATE SEQUENCE public.django_admin_log_id_seq
    AS integer
    START WITH 1
    INCREMENT BY 1
    NO MINVALUE
    NO MAXVALUE
    CACHE 1;


ALTER TABLE public.django_admin_log_id_seq OWNER TO test;

--
-- Name: django_admin_log_id_seq; Type: SEQUENCE OWNED BY; Schema: public; Owner: test
--

ALTER SEQUENCE public.django_admin_log_id_seq OWNED BY public.django_admin_log.id;


--
-- Name: django_content_type; Type: TABLE; Schema: public; Owner: test
--

CREATE TABLE public.django_content_type (
    id integer NOT NULL,
    app_label character varying(100) NOT NULL,
    model character varying(100) NOT NULL
);


ALTER TABLE public.django_content_type OWNER TO test;

--
-- Name: django_content_type_id_seq; Type: SEQUENCE; Schema: public; Owner: test
--

CREATE SEQUENCE public.django_content_type_id_seq
    AS integer
    START WITH 1
    INCREMENT BY 1
    NO MINVALUE
    NO MAXVALUE
    CACHE 1;


ALTER TABLE public.django_content_type_id_seq OWNER TO test;

--
-- Name: django_content_type_id_seq; Type: SEQUENCE OWNED BY; Schema: public; Owner: test
--

ALTER SEQUENCE public.django_content_type_id_seq OWNED BY public.django_content_type.id;


--
-- Name: django_migrations; Type: TABLE; Schema: public; Owner: test
--

CREATE TABLE public.django_migrations (
    id bigint NOT NULL,
    app character varying(255) NOT NULL,
    name character varying(255) NOT NULL,
    applied timestamp with time zone NOT NULL
);


ALTER TABLE public.django_migrations OWNER TO test;

--
-- Name: django_migrations_id_seq; Type: SEQUENCE; Schema: public; Owner: test
--

CREATE SEQUENCE public.django_migrations_id_seq
    START WITH 1
    INCREMENT BY 1
    NO MINVALUE
    NO MAXVALUE
    CACHE 1;


ALTER TABLE public.django_migrations_id_seq OWNER TO test;

--
-- Name: django_migrations_id_seq; Type: SEQUENCE OWNED BY; Schema: public; Owner: test
--

ALTER SEQUENCE public.django_migrations_id_seq OWNED BY public.django_migrations.id;


--
-- Name: django_session; Type: TABLE; Schema: public; Owner: test
--

CREATE TABLE public.django_session (
    session_key character varying(40) NOT NULL,
    session_data text NOT NULL,
    expire_date timestamp with time zone NOT NULL
);


ALTER TABLE public.django_session OWNER TO test;

--
-- Name: drf_api_brand; Type: TABLE; Schema: public; Owner: test
--

CREATE TABLE public.drf_api_brand (
    id bigint NOT NULL,
    name character varying(50) NOT NULL
);


ALTER TABLE public.drf_api_brand OWNER TO test;

--
-- Name: drf_api_brand_id_seq; Type: SEQUENCE; Schema: public; Owner: test
--

CREATE SEQUENCE public.drf_api_brand_id_seq
    START WITH 1
    INCREMENT BY 1
    NO MINVALUE
    NO MAXVALUE
    CACHE 1;


ALTER TABLE public.drf_api_brand_id_seq OWNER TO test;

--
-- Name: drf_api_brand_id_seq; Type: SEQUENCE OWNED BY; Schema: public; Owner: test
--

ALTER SEQUENCE public.drf_api_brand_id_seq OWNED BY public.drf_api_brand.id;


--
-- Name: model; Type: TABLE; Schema: public; Owner: postgres
--

CREATE TABLE public.model (
    id integer NOT NULL,
    id_brand integer NOT NULL,
    name character varying(200) NOT NULL
);


ALTER TABLE public.model OWNER TO postgres;

--
-- Name: model_id_seq; Type: SEQUENCE; Schema: public; Owner: postgres
--

CREATE SEQUENCE public.model_id_seq
    AS integer
    START WITH 1
    INCREMENT BY 1
    NO MINVALUE
    NO MAXVALUE
    CACHE 1;


ALTER TABLE public.model_id_seq OWNER TO postgres;

--
-- Name: model_id_seq; Type: SEQUENCE OWNED BY; Schema: public; Owner: postgres
--

ALTER SEQUENCE public.model_id_seq OWNED BY public.model.id;


--
-- Name: auth_group id; Type: DEFAULT; Schema: public; Owner: test
--

ALTER TABLE ONLY public.auth_group ALTER COLUMN id SET DEFAULT nextval('public.auth_group_id_seq'::regclass);


--
-- Name: auth_group_permissions id; Type: DEFAULT; Schema: public; Owner: test
--

ALTER TABLE ONLY public.auth_group_permissions ALTER COLUMN id SET DEFAULT nextval('public.auth_group_permissions_id_seq'::regclass);


--
-- Name: auth_permission id; Type: DEFAULT; Schema: public; Owner: test
--

ALTER TABLE ONLY public.auth_permission ALTER COLUMN id SET DEFAULT nextval('public.auth_permission_id_seq'::regclass);


--
-- Name: auth_user id; Type: DEFAULT; Schema: public; Owner: test
--

ALTER TABLE ONLY public.auth_user ALTER COLUMN id SET DEFAULT nextval('public.auth_user_id_seq'::regclass);


--
-- Name: auth_user_groups id; Type: DEFAULT; Schema: public; Owner: test
--

ALTER TABLE ONLY public.auth_user_groups ALTER COLUMN id SET DEFAULT nextval('public.auth_user_groups_id_seq'::regclass);


--
-- Name: auth_user_user_permissions id; Type: DEFAULT; Schema: public; Owner: test
--

ALTER TABLE ONLY public.auth_user_user_permissions ALTER COLUMN id SET DEFAULT nextval('public.auth_user_user_permissions_id_seq'::regclass);


--
-- Name: brand id; Type: DEFAULT; Schema: public; Owner: postgres
--

ALTER TABLE ONLY public.brand ALTER COLUMN id SET DEFAULT nextval('public.brand_id_seq'::regclass);


--
-- Name: django_admin_log id; Type: DEFAULT; Schema: public; Owner: test
--

ALTER TABLE ONLY public.django_admin_log ALTER COLUMN id SET DEFAULT nextval('public.django_admin_log_id_seq'::regclass);


--
-- Name: django_content_type id; Type: DEFAULT; Schema: public; Owner: test
--

ALTER TABLE ONLY public.django_content_type ALTER COLUMN id SET DEFAULT nextval('public.django_content_type_id_seq'::regclass);


--
-- Name: django_migrations id; Type: DEFAULT; Schema: public; Owner: test
--

ALTER TABLE ONLY public.django_migrations ALTER COLUMN id SET DEFAULT nextval('public.django_migrations_id_seq'::regclass);


--
-- Name: drf_api_brand id; Type: DEFAULT; Schema: public; Owner: test
--

ALTER TABLE ONLY public.drf_api_brand ALTER COLUMN id SET DEFAULT nextval('public.drf_api_brand_id_seq'::regclass);


--
-- Name: model id; Type: DEFAULT; Schema: public; Owner: postgres
--

ALTER TABLE ONLY public.model ALTER COLUMN id SET DEFAULT nextval('public.model_id_seq'::regclass);


--
-- Data for Name: auth_group; Type: TABLE DATA; Schema: public; Owner: test
--

COPY public.auth_group (id, name) FROM stdin;
\.


--
-- Data for Name: auth_group_permissions; Type: TABLE DATA; Schema: public; Owner: test
--

COPY public.auth_group_permissions (id, group_id, permission_id) FROM stdin;
\.


--
-- Data for Name: auth_permission; Type: TABLE DATA; Schema: public; Owner: test
--

COPY public.auth_permission (id, name, content_type_id, codename) FROM stdin;
1	Can add log entry	1	add_logentry
2	Can change log entry	1	change_logentry
3	Can delete log entry	1	delete_logentry
4	Can view log entry	1	view_logentry
5	Can add permission	2	add_permission
6	Can change permission	2	change_permission
7	Can delete permission	2	delete_permission
8	Can view permission	2	view_permission
9	Can add group	3	add_group
10	Can change group	3	change_group
11	Can delete group	3	delete_group
12	Can view group	3	view_group
13	Can add user	4	add_user
14	Can change user	4	change_user
15	Can delete user	4	delete_user
16	Can view user	4	view_user
17	Can add content type	5	add_contenttype
18	Can change content type	5	change_contenttype
19	Can delete content type	5	delete_contenttype
20	Can view content type	5	view_contenttype
21	Can add session	6	add_session
22	Can change session	6	change_session
23	Can delete session	6	delete_session
24	Can view session	6	view_session
25	Can add brand	7	add_brand
26	Can change brand	7	change_brand
27	Can delete brand	7	delete_brand
28	Can view brand	7	view_brand
29	Can add auth group	8	add_authgroup
30	Can change auth group	8	change_authgroup
31	Can delete auth group	8	delete_authgroup
32	Can view auth group	8	view_authgroup
33	Can add auth group permissions	9	add_authgrouppermissions
34	Can change auth group permissions	9	change_authgrouppermissions
35	Can delete auth group permissions	9	delete_authgrouppermissions
36	Can view auth group permissions	9	view_authgrouppermissions
37	Can add auth permission	10	add_authpermission
38	Can change auth permission	10	change_authpermission
39	Can delete auth permission	10	delete_authpermission
40	Can view auth permission	10	view_authpermission
41	Can add auth user	11	add_authuser
42	Can change auth user	11	change_authuser
43	Can delete auth user	11	delete_authuser
44	Can view auth user	11	view_authuser
45	Can add auth user groups	12	add_authusergroups
46	Can change auth user groups	12	change_authusergroups
47	Can delete auth user groups	12	delete_authusergroups
48	Can view auth user groups	12	view_authusergroups
49	Can add auth user user permissions	13	add_authuseruserpermissions
50	Can change auth user user permissions	13	change_authuseruserpermissions
51	Can delete auth user user permissions	13	delete_authuseruserpermissions
52	Can view auth user user permissions	13	view_authuseruserpermissions
53	Can add django admin log	14	add_djangoadminlog
54	Can change django admin log	14	change_djangoadminlog
55	Can delete django admin log	14	delete_djangoadminlog
56	Can view django admin log	14	view_djangoadminlog
57	Can add django content type	15	add_djangocontenttype
58	Can change django content type	15	change_djangocontenttype
59	Can delete django content type	15	delete_djangocontenttype
60	Can view django content type	15	view_djangocontenttype
61	Can add django migrations	16	add_djangomigrations
62	Can change django migrations	16	change_djangomigrations
63	Can delete django migrations	16	delete_djangomigrations
64	Can view django migrations	16	view_djangomigrations
65	Can add django session	17	add_djangosession
66	Can change django session	17	change_djangosession
67	Can delete django session	17	delete_djangosession
68	Can view django session	17	view_djangosession
69	Can add drf api brand	18	add_drfapibrand
70	Can change drf api brand	18	change_drfapibrand
71	Can delete drf api brand	18	delete_drfapibrand
72	Can view drf api brand	18	view_drfapibrand
73	Can add model	19	add_model
74	Can change model	19	change_model
75	Can delete model	19	delete_model
76	Can view model	19	view_model
\.


--
-- Data for Name: auth_user; Type: TABLE DATA; Schema: public; Owner: test
--

COPY public.auth_user (id, password, last_login, is_superuser, username, first_name, last_name, email, is_staff, is_active, date_joined) FROM stdin;
1	pbkdf2_sha256$320000$LiYWL0gNEYyv6Q8Y2QMJNf$Wr8kEFM59sPaxR2+uGGmW7FWTfbXke+M8mi/UylfzKY=	2022-07-28 10:57:34.690248+03	t	admin				t	t	2022-07-27 14:56:35.347259+03
\.


--
-- Data for Name: auth_user_groups; Type: TABLE DATA; Schema: public; Owner: test
--

COPY public.auth_user_groups (id, user_id, group_id) FROM stdin;
\.


--
-- Data for Name: auth_user_user_permissions; Type: TABLE DATA; Schema: public; Owner: test
--

COPY public.auth_user_user_permissions (id, user_id, permission_id) FROM stdin;
\.


--
-- Data for Name: brand; Type: TABLE DATA; Schema: public; Owner: postgres
--

COPY public.brand (id, name) FROM stdin;
4724	AC                                                
4725	Acura                                             
4726	Adler                                             
4727	Alfa Romeo                                        
4728	Alpina                                            
4729	Alpine                                            
4730	AM General                                        
4731	AMC                                               
4732	Apal                                              
4733	Ariel                                             
4734	Aro                                               
4735	Asia                                              
4736	Aston Martin                                      
4737	Auburn                                            
4738	Audi                                              
4739	Aurus                                             
4740	Austin                                            
4741	Austin Healey                                     
4742	Autobianchi                                       
4743	BAIC                                              
4744	Bajaj                                             
4745	Baltijas Dzips                                    
4746	Batmobile                                         
4747	Bentley                                           
4748	Bertone                                           
4749	Bilenkin                                          
4750	Bio auto                                          
4751	Bitter                                            
4752	Blaval                                            
4753	BMW                                               
4754	Borgward                                          
4755	Brabus                                            
4756	Brilliance                                        
4757	Bristol                                           
4758	Bufori                                            
4759	Bugatti                                           
4760	Buick                                             
4761	BYD                                               
4762	Byvin                                             
4763	Cadillac                                          
4764	Callaway                                          
4765	Carbodies                                         
4766	Caterham                                          
4767	Chana                                             
4768	Changan                                           
4769	ChangFeng                                         
4770	Changhe                                           
4771	Chery                                             
4772	Chevrolet                                         
4773	Chrysler                                          
4774	Ciimo (DongFeng-Honda)                            
4775	Citroen                                           
4776	Cizeta                                            
4777	Coggiola                                          
4778	Cord                                              
4779	Cupra                                             
4780	Dacia                                             
4781	Dadi                                              
4782	Daewoo                                            
4783	Daihatsu                                          
4784	Daimler                                           
4785	Dallara                                           
4786	Datsun                                            
4787	De Tomaso                                         
4788	Deco Rides                                        
4789	Delage                                            
4790	DeLorean                                          
4791	Derways                                           
4792	DeSoto                                            
4793	DKW                                               
4794	Dodge                                             
4795	DongFeng                                          
4796	Doninvest                                         
4797	Donkervoort                                       
4798	DS                                                
4799	DW Hower                                          
4800	E-Car                                             
4801	Eagle                                             
4802	Eagle Cars                                        
4803	Everus                                            
4804	Excalibur                                         
4805	EXEED                                             
4806	Facel Vega                                        
4807	FAW                                               
4808	Ferrari                                           
4809	Fiat                                              
4810	Fisker                                            
4811	Flanker                                           
4812	Ford                                              
4813	Foton                                             
4814	FSO                                               
4815	Fuqi                                              
4816	GAC                                               
4817	GAC Aion                                          
4818	Geely                                             
4819	Genesis                                           
4820	Geo                                               
4821	GMC                                               
4822	Goggomobil                                        
4823	Gonow                                             
4824	Gordon                                            
4825	GP                                                
4826	Great Wall                                        
4827	Hafei                                             
4828	Haima                                             
4829	Hanomag                                           
4830	Haval                                             
4831	Hawtai                                            
4832	Heinkel                                           
4833	Hennessey                                         
4834	Hindustan                                         
4835	Hispano-Suiza                                     
4836	Holden                                            
4837	Honda                                             
4838	Hongqi                                            
4839	Horch                                             
4840	Hozon                                             
4841	HSV                                               
4842	HuangHai                                          
4843	Hudson                                            
4844	Hummer                                            
4845	Hyundai                                           
4846	Infiniti                                          
4847	Innocenti                                         
4848	International                                     
4849	Invicta                                           
4850	Iran Khodro                                       
4851	Isdera                                            
4852	Isuzu                                             
4853	IVECO                                             
4854	JAC                                               
4855	Jaguar                                            
4856	Jeep                                              
4857	Jensen                                            
4858	Jinbei                                            
4859	JMC                                               
4860	Kia                                               
4861	Koenigsegg                                        
4862	KTM AG                                            
4863	LADA (ВАЗ)                                        
4864	Lamborghini                                       
4865	Lancia                                            
4866	Land Rover                                        
4867	Landwind                                          
4868	Leapmotor                                         
4869	Lexus                                             
4870	Liebao Motor                                      
4871	Lifan                                             
4872	Ligier                                            
4873	Lincoln                                           
4874	LiXiang                                           
4875	Logem                                             
4876	Lotus                                             
4877	LTI                                               
4878	Lucid                                             
4879	Luxgen                                            
4880	Mahindra                                          
4881	Marcos                                            
4882	Marlin                                            
4883	Marussia                                          
4884	Maruti                                            
4885	Maserati                                          
4886	Matra                                             
4887	Maybach                                           
4888	Mazda                                             
4889	McLaren                                           
4890	Mega                                              
4891	Mercedes-Benz                                     
4892	Mercury                                           
4893	Messerschmitt                                     
4894	Metrocab                                          
4895	MG                                                
4896	Microcar                                          
4897	Minelli                                           
4898	MINI                                              
4899	Mitsubishi                                        
4900	Mitsuoka                                          
4901	Morgan                                            
4902	Morris                                            
4903	Nash                                              
4904	Nio                                               
4905	Nissan                                            
4906	Noble                                             
4907	Oldsmobile                                        
4908	Opel                                              
4909	Osca                                              
4910	Packard                                           
4911	Pagani                                            
4912	Panoz                                             
4913	Perodua                                           
4914	Peugeot                                           
4915	PGO                                               
4916	Piaggio                                           
4917	Pierce-Arrow                                      
4918	Plymouth                                          
4919	Polestar                                          
4920	Pontiac                                           
4921	Porsche                                           
4922	Premier                                           
4923	Proton                                            
4924	PUCH                                              
4925	Puma                                              
4926	Qoros                                             
4927	Qvale                                             
4928	RAM                                               
4929	Ravon                                             
4930	Reliant                                           
4931	Renaissance                                       
4932	Renault                                           
4933	Renault Samsung                                   
4934	Rezvani                                           
4935	Rimac                                             
4936	Rinspeed                                          
4937	Rivian                                            
4938	Roewe                                             
4939	Rolls-Royce                                       
4940	Ronart                                            
4941	Rover                                             
4942	Saab                                              
4943	Saipa                                             
4944	Saleen                                            
4945	Santana                                           
4946	Saturn                                            
4947	Scion                                             
4948	Sears                                             
4949	SEAT                                              
4950	Shanghai Maple                                    
4951	ShuangHuan                                        
4952	Simca                                             
4953	Skoda                                             
4954	Skywell                                           
4955	Smart                                             
4956	Soueast                                           
4957	Spectre                                           
4958	Spyker                                            
4959	SsangYong                                         
4960	Steyr                                             
4961	Studebaker                                        
4962	Subaru                                            
4963	Suzuki                                            
4964	Talbot                                            
4965	TATA                                              
4966	Tatra                                             
4967	Tazzari                                           
4968	Tesla                                             
4969	Think                                             
4970	Tianma                                            
4971	Tianye                                            
4972	Tofas                                             
4973	Toyota                                            
4974	Trabant                                           
4975	Tramontana                                        
4976	Triumph                                           
4977	TVR                                               
4978	Ultima                                            
4979	Vauxhall                                          
4980	Vector                                            
4981	Venturi                                           
4982	Volkswagen                                        
4983	Volvo                                             
4984	Vortex                                            
4985	Voyah                                             
4986	VUHL                                              
4987	W Motors                                          
4988	Wanderer                                          
4989	Wartburg                                          
4990	Weltmeister                                       
4991	Westfield                                         
4992	Wiesmann                                          
4993	Willys                                            
4994	Xin Kai                                           
4995	Xpeng                                             
4996	Yulon                                             
4997	Zastava                                           
4998	Zeekr                                             
4999	Zenos                                             
5000	Zenvo                                             
5001	Zibar                                             
5002	Zotye                                             
5003	ZX                                                
5004	Автокам                                           
5005	ГАЗ                                               
5006	ЗАЗ                                               
5007	ЗИЛ                                               
5008	ЗиС                                               
5009	ИЖ                                                
5010	Канонир                                           
5011	Комбат                                            
5012	ЛуАЗ                                              
5013	Москвич                                           
5014	СМЗ                                               
5015	Спортивные авто и Реплики                         
5016	ТагАЗ                                             
5017	УАЗ                                               
5018	Ё-мобиль                                          
\.


--
-- Data for Name: django_admin_log; Type: TABLE DATA; Schema: public; Owner: test
--

COPY public.django_admin_log (id, action_time, object_id, object_repr, action_flag, change_message, content_type_id, user_id) FROM stdin;
1	2022-07-27 15:25:55.50206+03	1	an8	1	[{"added": {}}]	7	1
2	2022-07-27 16:15:49.75676+03	1	an8	3		7	1
\.


--
-- Data for Name: django_content_type; Type: TABLE DATA; Schema: public; Owner: test
--

COPY public.django_content_type (id, app_label, model) FROM stdin;
1	admin	logentry
2	auth	permission
3	auth	group
4	auth	user
5	contenttypes	contenttype
6	sessions	session
7	drf_api	brand
8	drf_api	authgroup
9	drf_api	authgrouppermissions
10	drf_api	authpermission
11	drf_api	authuser
12	drf_api	authusergroups
13	drf_api	authuseruserpermissions
14	drf_api	djangoadminlog
15	drf_api	djangocontenttype
16	drf_api	djangomigrations
17	drf_api	djangosession
18	drf_api	drfapibrand
19	drf_api	model
\.


--
-- Data for Name: django_migrations; Type: TABLE DATA; Schema: public; Owner: test
--

COPY public.django_migrations (id, app, name, applied) FROM stdin;
1	contenttypes	0001_initial	2022-07-27 13:42:42.281064+03
2	auth	0001_initial	2022-07-27 13:42:42.467629+03
3	admin	0001_initial	2022-07-27 13:42:42.528777+03
4	admin	0002_logentry_remove_auto_add	2022-07-27 13:42:42.552332+03
5	admin	0003_logentry_add_action_flag_choices	2022-07-27 13:42:42.580465+03
6	contenttypes	0002_remove_content_type_name	2022-07-27 13:42:42.630238+03
7	auth	0002_alter_permission_name_max_length	2022-07-27 13:42:42.651598+03
8	auth	0003_alter_user_email_max_length	2022-07-27 13:42:42.675367+03
9	auth	0004_alter_user_username_opts	2022-07-27 13:42:42.698015+03
10	auth	0005_alter_user_last_login_null	2022-07-27 13:42:42.721789+03
11	auth	0006_require_contenttypes_0002	2022-07-27 13:42:42.727526+03
12	auth	0007_alter_validators_add_error_messages	2022-07-27 13:42:42.749543+03
13	auth	0008_alter_user_username_max_length	2022-07-27 13:42:42.780316+03
14	auth	0009_alter_user_last_name_max_length	2022-07-27 13:42:42.802417+03
15	auth	0010_alter_group_name_max_length	2022-07-27 13:42:42.830463+03
16	auth	0011_update_proxy_permissions	2022-07-27 13:42:42.848579+03
17	auth	0012_alter_user_first_name_max_length	2022-07-27 13:42:42.869217+03
18	sessions	0001_initial	2022-07-27 13:42:42.896528+03
19	drf_api	0001_initial	2022-07-27 14:20:02.208859+03
20	drf_api	0002_authgroup_authgrouppermissions_authpermission_and_more	2022-07-28 10:49:39.010986+03
21	drf_api	0003_delete_authgroup_delete_authgrouppermissions_and_more	2022-07-28 11:00:49.22856+03
\.


--
-- Data for Name: django_session; Type: TABLE DATA; Schema: public; Owner: test
--

COPY public.django_session (session_key, session_data, expire_date) FROM stdin;
\.


--
-- Data for Name: drf_api_brand; Type: TABLE DATA; Schema: public; Owner: test
--

COPY public.drf_api_brand (id, name) FROM stdin;
\.


--
-- Data for Name: model; Type: TABLE DATA; Schema: public; Owner: postgres
--

COPY public.model (id, id_brand, name) FROM stdin;
54698	4724	378 GT Zagato
54699	4724	Ace
54700	4724	Aceca
54701	4724	Cobra
54702	4725	CL
54703	4725	CSX
54704	4725	EL
54705	4725	ILX
54706	4725	Integra
54707	4725	Legend
54708	4725	MDX
54709	4725	NSX
54710	4725	RDX
54711	4725	RL
54712	4725	RLX
54713	4725	RSX
54714	4725	SLX
54715	4725	TL
54716	4725	TLX
54717	4725	TSX
54718	4725	ZDX
54719	4726	Diplomat
54720	4726	Trumpf Junior
54721	4727	105/115
54722	4727	145
54723	4727	146
54724	4727	147
54725	4727	155
54726	4727	156
54727	4727	159
54728	4727	164
54729	4727	166
54730	4727	1900
54731	4727	2600
54732	4727	33
54733	4727	4C
54734	4727	6
54735	4727	6C
54736	4727	75
54737	4727	8C Competizione
54738	4727	90
54739	4727	Alfasud
54740	4727	Alfetta
54741	4727	Arna
54742	4727	Brera
54743	4727	Disco Volante
54744	4727	Giulia
54745	4727	Giulietta
54746	4727	GT
54747	4727	GTA Coupe
54748	4727	GTV
54749	4727	MiTo
54750	4727	Montreal
54751	4727	RZ
54752	4727	Spider
54753	4727	Sprint
54754	4727	Stelvio
54755	4727	SZ
54756	4727	Tonale
54757	4728	B10
54758	4728	B11
54759	4728	B12
54760	4728	B3
54761	4728	B4
54762	4728	B5
54763	4728	B6
54764	4728	B7
54765	4728	B8
54766	4728	B9
54767	4728	C1
54768	4728	C2
54769	4728	D10
54770	4728	D3
54771	4728	D4
54772	4728	D5
54773	4728	Roadster
54774	4728	XB7
54775	4728	XD3
54776	4728	XD4
54777	4729	A110
54778	4729	A310
54779	4729	A610
54780	4729	GTA
54781	4730	HMMWV (Humvee)
54782	4731	Eagle
54783	4731	Hornet
54784	4731	Matador
54785	4731	Rambler Ambassador
54786	4731	Rambler Classic
54787	4732	21541 Stalker
54788	4733	Atom
54789	4733	Nomad
54790	4734	10
54791	4734	24
54792	4735	Retona
54793	4735	Rocsta
54794	4735	Topic
54795	4735	Towner
54796	4736	Bulldog
54797	4736	Cygnet
54798	4736	DB AR1
54799	4736	DB11
54800	4736	DB5
54801	4736	DB7
54802	4736	DB9
54803	4736	DBS
54804	4736	DBX
54805	4736	Lagonda
54806	4736	One-77
54807	4736	Rapide
54808	4736	Tickford Capri
54809	4736	V12 Vantage
54810	4736	V12 Zagato
54811	4736	V8 Vantage
54812	4736	V8 Zagato
54813	4736	Vanquish
54814	4736	Virage
54815	4736	Vulcan
54816	4737	Speedster
54817	4738	100
54818	4738	200
54819	4738	50
54820	4738	80
54821	4738	90
54822	4738	920
54823	4738	A1
54824	4738	A2
54825	4738	A3
54826	4738	A4
54827	4738	A4 allroad
54828	4738	A5
54829	4738	A6
54830	4738	A6 allroad
54831	4738	A7
54832	4738	A8
54833	4738	Cabriolet
54834	4738	Coupe
54835	4738	e-tron
54836	4738	e-tron GT
54837	4738	e-tron S
54838	4738	e-tron S Sportback
54839	4738	e-tron Sportback
54840	4738	NSU RO 80
54841	4738	Q2
54842	4738	Q2L
54843	4738	Q3
54844	4738	Q3 Sportback
54845	4738	Q4 e-tron
54846	4738	Q4 Sportback e-tron
54847	4738	Q5
54848	4738	Q5 Sportback
54849	4738	Q7
54850	4738	Q8
54851	4738	Quattro
54852	4738	R8
54853	4738	R8 LMP
54854	4738	RS 2
54855	4738	RS 3
54856	4738	RS 4
54857	4738	RS 5
54858	4738	RS 6
54859	4738	RS 7
54860	4738	RS e-tron GT
54861	4738	RS Q3
54862	4738	RS Q3 Sportback
54863	4738	RS Q8
54864	4738	S1
54865	4738	S2
54866	4738	S3
54867	4738	S4
54868	4738	S5
54869	4738	S6
54870	4738	S7
54871	4738	S8
54872	4738	SQ2
54873	4738	SQ5
54874	4738	SQ5 Sportback
54875	4738	SQ7
54876	4738	SQ8
54877	4738	TT
54878	4738	TT RS
54879	4738	TTS
54880	4738	Typ R
54881	4738	V8
54882	4739	Senat
54883	4740	Allegro
54884	4740	Ambassador
54885	4740	FL2
54886	4740	FX4
54887	4740	Maestro
54888	4740	Maxi
54889	4740	Metro
54890	4740	Mini
54891	4740	Montego
54892	4740	Princess
54893	4740	Sprite
54894	4741	100
54895	4741	3000
54896	4742	A 112
54897	4743	A1
54898	4743	BJ2020
54899	4743	BJ2021
54900	4743	BJ2026
54901	4743	BJ212
54902	4743	EU260
54903	4743	EU5
54904	4743	EX5
54905	4743	Jeep 2500
54906	4743	Luba (XB624)
54907	4744	Qute
54908	4745	BD-1322
54909	4746	1989
54910	4746	2018
54911	4747	Arnage
54912	4747	Azure
54913	4747	Bentayga
54914	4747	Brooklands
54915	4747	Continental
54916	4747	Continental Flying Spur
54917	4747	Continental GT
54918	4747	Eight
54919	4747	Flying Spur
54920	4747	Mark VI
54921	4747	Mulsanne
54922	4747	R Type
54923	4747	S
54924	4747	T-Series
54925	4747	Turbo R
54926	4748	Freeclimber
54927	4749	Vintage
54928	4750	evA-4
54929	4751	CD
54930	4751	Type 3
54931	4752	FH-EQ
54932	4753	02 (E10)
54933	4753	1 серии
54934	4753	1M
54935	4753	2 серии
54936	4753	2 серии Active Tourer
54937	4753	2 серии Gran Tourer
54938	4753	2000 C/CS
54939	4753	3 серии
54940	4753	3/15
54941	4753	315
54942	4753	3200
54943	4753	321
54944	4753	326
54945	4753	327
54946	4753	340
54947	4753	4 серии
54948	4753	5 серии
54949	4753	501
54950	4753	502
54951	4753	503
54952	4753	507
54953	4753	6 серии
54954	4753	600
54955	4753	7 серии
54956	4753	700
54957	4753	8 серии
54958	4753	E3
54959	4753	E9
54960	4753	i3
54961	4753	i4
54962	4753	i7
54963	4753	i8
54964	4753	iX
54965	4753	iX1
54966	4753	iX3
54967	4753	M2
54968	4753	M3
54969	4753	M4
54970	4753	M5
54971	4753	M6
54972	4753	M8
54973	4753	New Class
54974	4753	X1
54975	4753	X2
54976	4753	X3
54977	4753	X3 M
54978	4753	X4
54979	4753	X4 M
54980	4753	X5
54981	4753	X5 M
54982	4753	X6
54983	4753	X6 M
54984	4753	X7
54985	4753	Z1
54986	4753	Z3
54987	4753	Z3 M
54988	4753	Z4
54989	4753	Z4 M
54990	4753	Z8
54991	4754	2000
54992	4754	Hansa 1100
54993	4755	7.3S
54994	4755	M V12
54995	4755	ML 63 Biturbo
54996	4755	SV12
54997	4756	FRV (BS2)
54998	4756	H230
54999	4756	H530
55000	4756	M1 (BS6)
55001	4756	M2 (BS4)
55002	4756	M3 (BC3)
55003	4756	V3
55004	4756	V5
55005	4757	Blenheim
55006	4757	Blenheim Speedster
55007	4757	Fighter
55008	4758	Geneva
55009	4758	La Joya
55010	4759	Chiron
55011	4759	EB 110
55012	4759	EB 112
55013	4759	EB Veyron 16.4
55014	4759	Type 55
55015	4760	Cascada
55016	4760	Century
55017	4760	Electra
55018	4760	Enclave
55019	4760	Encore
55020	4760	Encore GX
55021	4760	Envision
55022	4760	Estate Wagon
55023	4760	Excelle
55024	4760	GL8
55025	4760	GS
55026	4760	LaCrosse
55027	4760	LeSabre
55028	4760	Limited
55029	4760	Lucerne
55030	4760	Park Avenue
55031	4760	Rainer
55032	4760	Reatta
55033	4760	Regal
55034	4760	Rendezvous
55035	4760	Riviera
55036	4760	Roadmaster
55037	4760	Skyhawk
55038	4760	Skylark
55039	4760	Special
55040	4760	Super
55041	4760	Terraza
55042	4760	Velite 6
55043	4760	Verano
55044	4760	Wildcat
55045	4761	Dolphin
55046	4761	E1
55047	4761	e2
55048	4761	E6
55049	4761	F0
55050	4761	F3
55051	4761	F5
55052	4761	F6
55053	4761	F8 (S8)
55054	4761	Flyer
55055	4761	G3
55056	4761	G6
55057	4761	Han
55058	4761	L3
55059	4761	M6
55060	4761	Qin
55061	4761	S6
55062	4761	Song EV
55063	4761	Song Plus
55064	4761	Song Pro
55065	4761	Tang
55066	4761	Yuan
55067	4762	BD132J (CoCo)
55068	4762	BD326J (Moca)
55069	4763	Allante
55070	4763	ATS
55071	4763	ATS-V
55072	4763	BLS
55073	4763	Brougham
55074	4763	Catera
55075	4763	CT4
55076	4763	CT4-V
55077	4763	CT5
55078	4763	CT5-V
55079	4763	CT6
55080	4763	CTS
55081	4763	CTS-V
55082	4763	DeVille
55083	4763	DTS
55084	4763	Eldorado
55085	4763	ELR
55086	4763	Escalade
55087	4763	Fleetwood
55088	4763	LSE
55089	4763	Lyriq
55090	4763	Series 62
55091	4763	Seville
55092	4763	Sixty Special
55093	4763	SRX
55094	4763	STS
55095	4763	XLR
55096	4763	XT4
55097	4763	XT5
55098	4763	XT6
55099	4763	XTS
55100	4764	C12
55101	4765	FX4
55102	4766	21
55103	4766	CSR
55104	4766	Seven
55105	4767	Benni
55106	4767	SC6390
55107	4768	Alsvin V7
55108	4768	Auchan A600 EV
55109	4768	Benni
55110	4768	Benni EC/EV
55111	4768	CM-8
55112	4768	CS35
55113	4768	CS35PLUS
55114	4768	CS55
55115	4768	CS75
55116	4768	CS95
55117	4768	CX20
55118	4768	Eado
55119	4768	Raeton
55120	4768	UNI-K
55121	4768	Z-Shine
55122	4769	Flying
55123	4769	SUV (CS6)
55124	4770	Ideal
55125	4771	Amulet (A15)
55126	4771	Arrizo 3
55127	4771	Arrizo 6
55128	4771	Arrizo 7
55129	4771	B13
55130	4771	Bonus (A13)
55131	4771	Bonus 3 (E3/A19)
55132	4771	CrossEastar (B14)
55133	4771	E5
55134	4771	eQ5
55135	4771	Fora (A21)
55136	4771	IndiS (S18D)
55137	4771	Karry
55138	4771	Kimo (A1)
55139	4771	M11 (A3)
55140	4771	Oriental Son (B11)
55141	4771	QQ6 (S21)
55142	4771	QQme
55143	4771	Sweet (QQ)
55144	4771	Tiggo (T11)
55145	4771	Tiggo 2
55146	4771	Tiggo 2 Pro
55147	4771	Tiggo 3
55148	4771	Tiggo 4
55149	4771	Tiggo 5
55150	4771	Tiggo 7
55151	4771	Tiggo 7 Pro
55152	4771	Tiggo 8
55153	4771	Tiggo 8 Pro
55154	4771	Tiggo 8 Pro Max
55155	4771	Very (A13)
55156	4771	Windcloud (A11)
55157	4772	3000-Series
55158	4772	Alero
55159	4772	Apache
55160	4772	Astra
55161	4772	Astro
55162	4772	Avalanche
55163	4772	Aveo
55164	4772	Bel Air
55165	4772	Beretta
55166	4772	Blazer
55167	4772	Blazer K5
55168	4772	Bolt
55169	4772	Bolt EUV
55170	4772	C-10
55171	4772	C/K
55172	4772	Camaro
55173	4772	Caprice
55174	4772	Captiva
55175	4772	Captiva Sport
55176	4772	Cavalier
55177	4772	Celebrity
55178	4772	Celta
55179	4772	Chevelle
55180	4772	Chevette
55181	4772	Citation
55182	4772	Cobalt
55183	4772	Colorado
55184	4772	Corsa
55185	4772	Corsica
55186	4772	Corvair
55187	4772	Corvette
55188	4772	Cruze
55189	4772	Cruze (HR)
55190	4772	CSV CR8
55191	4772	Damas
55192	4772	Deluxe
55193	4772	El Camino
55194	4772	Epica
55195	4772	Equinox
55196	4772	Evanda
55197	4772	Express
55198	4772	Fleetmaster
55199	4772	HHR
55200	4772	Impala
55201	4772	Kalos
55202	4772	Lacetti
55203	4772	Lanos
55204	4772	Lumina
55205	4772	Lumina APV
55206	4772	LUV D-MAX
55207	4772	Malibu
55208	4772	Master
55209	4772	Matiz
55210	4772	Metro
55211	4772	Monte Carlo
55212	4772	Monza
55213	4772	MW
55214	4772	Nexia
55215	4772	Niva
55216	4772	Nova
55217	4772	Nubira
55218	4772	Omega
55219	4772	Orlando
55220	4772	Prizm
55221	4772	Rezzo
55222	4772	S-10 Pickup
55223	4772	Sail
55224	4772	Silverado
55225	4772	Sonic
55226	4772	Spark
55227	4772	Special DeLuxe
55228	4772	Spin
55229	4772	SS
55230	4772	SSR
55231	4772	Starcraft
55232	4772	Suburban
55233	4772	Tacuma
55234	4772	Tahoe
55235	4772	Tavera
55236	4772	Tracker
55237	4772	TrailBlazer
55238	4772	Trans Sport
55239	4772	Traverse
55240	4772	Trax
55241	4772	Uplander
55242	4772	Van
55243	4772	Vectra
55244	4772	Venture
55245	4772	Viva
55246	4772	Volt
55247	4772	Zafira
55248	4773	180
55249	4773	200
55250	4773	300
55251	4773	300 Letter Series
55252	4773	300C
55253	4773	300M
55254	4773	Aspen
55255	4773	Cirrus
55256	4773	Concorde
55257	4773	Cordoba
55258	4773	Crossfire
55259	4773	Daytona
55260	4773	Dynasty
55261	4773	ES
55262	4773	Fifth Avenue
55263	4773	Imperial
55264	4773	Imperial Crown
55265	4773	Intrepid
55266	4773	LeBaron
55267	4773	LHS
55268	4773	Nassau
55269	4773	Neon
55270	4773	New Yorker
55271	4773	Newport
55272	4773	Pacifica
55273	4773	Prowler
55274	4773	PT Cruiser
55275	4773	Saratoga
55276	4773	Sebring
55277	4773	Six
55278	4773	Stratus
55279	4773	TC by Maserati
55280	4773	Town & Country
55281	4773	Viper
55282	4773	Vision
55283	4773	Voyager
55284	4773	Windsor
55285	4774	M-NV
55286	4774	X-NV
55287	4775	2 CV
55288	4775	AMI
55289	4775	AX
55290	4775	Berlingo
55291	4775	BX
55292	4775	C-Crosser
55293	4775	C-Elysee
55294	4775	C-Quatre
55295	4775	C-Triomphe
55296	4775	C-ZERO
55297	4775	C1
55298	4775	C2
55299	4775	C3
55300	4775	C3 Aircross
55301	4775	C3 Picasso
55302	4775	C4
55303	4775	C4 Aircross
55304	4775	C4 Cactus
55305	4775	C4 Picasso
55306	4775	C4 SpaceTourer
55307	4775	C5
55308	4775	C5 Aircross
55309	4775	C5 X
55310	4775	C6
55311	4775	C8
55312	4775	CX
55313	4775	DS
55314	4775	DS3
55315	4775	DS4
55316	4775	DS5
55317	4775	Dyane
55318	4775	E-Mehari
55319	4775	Evasion
55320	4775	GS
55321	4775	Jumpy
55322	4775	LN
55323	4775	Nemo
55324	4775	Saxo
55325	4775	SM
55326	4775	SpaceTourer
55327	4775	Traction Avant
55328	4775	Visa
55329	4775	Xantia
55330	4775	XM
55331	4775	Xsara
55332	4775	Xsara Picasso
55333	4775	ZX
55334	4776	V16t
55335	4777	T Rex
55336	4778	L-29
55337	4779	Ateca
55338	4779	Born
55339	4779	Formentor
55340	4779	Leon
55341	4780	1300
55342	4780	1310
55343	4780	1410
55344	4780	Dokker
55345	4780	Duster
55346	4780	Jogger
55347	4780	Lodgy
55348	4780	Logan
55349	4780	Nova
55350	4780	Pick-Up
55351	4780	Sandero
55352	4780	Solenza
55353	4780	Spring
55354	4780	SuperNova
55355	4781	City Leading
55356	4781	Shuttle
55357	4781	Smoothing
55358	4782	Alpheon
55359	4782	Arcadia
55360	4782	Chairman
55361	4782	Damas
55362	4782	Espero
55363	4782	Evanda
55364	4782	G2X
55365	4782	Gentra
55366	4782	Kalos
55367	4782	Korando
55368	4782	Lacetti
55369	4782	Lacetti Premiere
55370	4782	Lanos
55371	4782	Leganza
55372	4782	LeMans
55373	4782	Magnus
55374	4782	Matiz
55375	4782	Matiz Creative
55376	4782	Musso
55377	4782	Nexia
55378	4782	Nubira
55379	4782	Prince
55380	4782	Racer
55381	4782	Rezzo
55382	4782	Royale
55383	4782	Sens
55384	4782	Tacuma
55385	4782	Tico
55386	4782	Tosca
55387	4782	Winstorm
55388	4783	Altis
55389	4783	Applause
55390	4783	Atrai
55391	4783	Be-go
55392	4783	Bee
55393	4783	Boon
55394	4783	Boon Luminas
55395	4783	Cast
55396	4783	Ceria
55397	4783	Charade
55398	4783	Charmant
55399	4783	Coo
55400	4783	Copen
55401	4783	Cuore
55402	4783	Delta Wagon
55403	4783	Esse
55404	4783	Extol
55405	4783	Fellow
55406	4783	Feroza
55407	4783	Gran Move
55408	4783	Hijet
55409	4783	Hijet Caddie
55410	4783	Leeza
55411	4783	Materia
55412	4783	MAX
55413	4783	Mebius
55414	4783	Midget
55415	4783	Mira
55416	4783	Mira Cocoa
55417	4783	Mira e:S
55418	4783	Mira Gino
55419	4783	Move
55420	4783	Move Canbus
55421	4783	Move Conte
55422	4783	Move Latte
55423	4783	Naked
55424	4783	Opti
55425	4783	Pyzar
55426	4783	Rocky
55427	4783	Rugger
55428	4783	Sirion
55429	4783	Sonica
55430	4783	Storia
55431	4783	Taft
55432	4783	Tanto
55433	4783	Tanto Exe
55434	4783	Terios
55435	4783	Thor
55436	4783	Trevis
55437	4783	Wake
55438	4783	Wildcat
55439	4783	Xenia
55440	4783	YRV
55441	4784	DS420
55442	4784	Sovereign (XJ6)
55443	4784	SP250
55444	4784	X300
55445	4784	X308
55446	4784	X350
55447	4784	XJ40
55448	4784	XJS
55449	4785	Stradale
55450	4786	240Z
55451	4786	280Z
55452	4786	280ZX
55453	4786	720
55454	4786	Bluebird
55455	4786	Cherry
55456	4786	GO
55457	4786	GO+
55458	4786	Laurel
55459	4786	mi-DO
55460	4786	on-DO
55461	4786	Stanza
55462	4786	Sunny
55463	4786	Urvan
55464	4786	Violet
55465	4787	Bigua
55466	4787	Guara
55467	4787	Longchamp
55468	4787	Mangusta
55469	4787	Pantera
55470	4787	Vallelunga
55471	4788	Zephyr
55472	4789	D12
55473	4789	D6
55474	4790	DMC-12
55475	4791	Antelope
55476	4791	Aurora
55477	4791	Cowboy
55478	4791	Land Crown
55479	4791	Plutus
55480	4791	Saladin
55481	4791	Shuttle
55482	4792	Custom
55483	4792	Firedome
55484	4792	Fireflite
55485	4793	3=6
55486	4794	600
55487	4794	Aries
55488	4794	Avenger
55489	4794	Caliber
55490	4794	Caravan
55491	4794	Challenger
55492	4794	Charger
55493	4794	Charger Daytona
55494	4794	Colt
55495	4794	Custom Royal
55496	4794	D/W Series
55497	4794	D8
55498	4794	Dakota
55499	4794	Dart
55500	4794	Daytona
55501	4794	Diplomat
55502	4794	Durango
55503	4794	Dynasty
55504	4794	Intrepid
55505	4794	Journey
55506	4794	Lancer
55507	4794	Magnum
55508	4794	Mayfair
55509	4794	Monaco
55510	4794	Neon
55511	4794	Nitro
55512	4794	Omni
55513	4794	Polara
55514	4794	Raider
55515	4794	RAM
55516	4794	RAM Van
55517	4794	Ramcharger
55518	4794	Shadow
55519	4794	Spirit
55520	4794	Stealth
55521	4794	Stratus
55522	4794	Super Bee
55523	4794	Viper
55524	4794	WC series
55525	4795	370
55526	4795	580
55527	4795	A30
55528	4795	A9
55529	4795	AX7
55530	4795	DF6
55531	4795	E11K
55532	4795	H30 Cross
55533	4795	MPV
55534	4795	Oting
55535	4795	Rich
55536	4795	S30
55537	4795	T5L
55538	4796	Assol
55539	4796	Kondor
55540	4796	Orion
55541	4797	D8
55542	4797	D8 Cosworth
55543	4797	D8 GT
55544	4797	D8 GTO
55545	4797	D8 Zetec
55546	4798	3
55547	4798	3 Crossback
55548	4798	4
55549	4798	5
55550	4798	7 Crossback
55551	4798	9
55552	4799	H3
55553	4799	H5
55554	4800	GD04B
55555	4801	Premier
55556	4801	Summit
55557	4801	Talon
55558	4801	Vision
55559	4801	Vista
55560	4802	SS
55561	4803	VE-1
55562	4804	Series IV
55563	4804	Series V
55564	4805	LX
55565	4805	TXL
55566	4805	VX
55567	4806	FV
55568	4807	Bestune T55
55569	4807	Bestune T77
55570	4807	Bestune T99
55571	4807	Besturn B30
55572	4807	Besturn B50
55573	4807	Besturn B70
55574	4807	Besturn X40
55575	4807	Besturn X80
55576	4807	D60
55577	4807	Jinn
55578	4807	Oley
55579	4807	V2
55580	4807	V5
55581	4807	Vita
55582	4808	250 GTO
55583	4808	296
55584	4808	328
55585	4808	348
55586	4808	360
55587	4808	400
55588	4808	412
55589	4808	456
55590	4808	458
55591	4808	488
55592	4808	512 BB
55593	4808	512 M
55594	4808	512 TR
55595	4808	550
55596	4808	575M
55597	4808	599
55598	4808	612
55599	4808	812
55600	4808	California
55601	4808	Daytona SP3
55602	4808	Dino 206 GT
55603	4808	Dino 208/308 GT4
55604	4808	Dino 246 GT
55605	4808	Enzo
55606	4808	F12berlinetta
55607	4808	F355
55608	4808	F40
55609	4808	F430
55610	4808	F50
55611	4808	F8
55612	4808	FF
55613	4808	FXX K
55614	4808	GTC4Lusso
55615	4808	LaFerrari
55616	4808	Mondial
55617	4808	Monza SP
55618	4808	Portofino
55619	4808	Roma
55620	4808	SF90 Stradale
55621	4808	Testarossa
55622	4809	124
55623	4809	124 Spider
55624	4809	124 Sport Spider
55625	4809	125
55626	4809	126
55627	4809	127
55628	4809	128
55629	4809	130
55630	4809	131
55631	4809	132
55632	4809	2300
55633	4809	238
55634	4809	500
55635	4809	500L
55636	4809	500X
55637	4809	508
55638	4809	600
55639	4809	900T
55640	4809	Albea
55641	4809	Argenta
55642	4809	Barchetta
55643	4809	Brava
55644	4809	Bravo
55645	4809	Cinquecento
55646	4809	Coupe
55647	4809	Croma
55648	4809	Doblo
55649	4809	Duna
55650	4809	Fiorino
55651	4809	Freemont
55652	4809	Fullback
55653	4809	Idea
55654	4809	Linea
55655	4809	Marea
55656	4809	Multipla
55657	4809	Palio
55658	4809	Panda
55659	4809	Punto
55660	4809	Qubo
55661	4809	Regata
55662	4809	Ritmo
55663	4809	Scudo
55664	4809	Sedici
55665	4809	Seicento
55666	4809	Siena
55667	4809	Stilo
55668	4809	Strada
55669	4809	Tempra
55670	4809	Tipo
55671	4809	Ulysse
55672	4809	Uno
55673	4809	X 1/9
55674	4810	Karma
55675	4811	F
55676	4812	Aerostar
55677	4812	Aspire
55678	4812	B-MAX
55679	4812	Bronco
55680	4812	Bronco Sport
55681	4812	Bronco-II
55682	4812	C-MAX
55683	4812	Capri
55684	4812	Consul
55685	4812	Contour
55686	4812	Cortina
55687	4812	Cougar
55688	4812	Country Squire
55689	4812	Crown Victoria
55690	4812	Custom
55691	4812	Econoline
55692	4812	Econovan
55693	4812	EcoSport
55694	4812	Edge
55695	4812	Escape
55696	4812	Escort
55697	4812	Escort (North America)
55698	4812	Everest
55699	4812	Excursion
55700	4812	Expedition
55701	4812	Explorer
55702	4812	Explorer Sport Trac
55703	4812	F-150
55704	4812	F-2
55705	4812	Fairlane
55706	4812	Fairmont
55707	4812	Falcon
55708	4812	Festiva
55709	4812	Fiesta
55710	4812	Fiesta ST
55711	4812	Five Hundred
55712	4812	Flex
55713	4812	Focus
55714	4812	Focus RS
55715	4812	Focus ST
55716	4812	Freda
55717	4812	Freestar
55718	4812	Freestyle
55719	4812	Fusion
55720	4812	Fusion (North America)
55721	4812	Galaxie
55722	4812	Galaxy
55723	4812	GPA
55724	4812	Granada
55725	4812	Granada (North America)
55726	4812	GT
55727	4812	GT40
55728	4812	Ikon
55729	4812	Ixion
55730	4812	KA
55731	4812	Kuga
55732	4812	Laser
55733	4812	LTD Country Squire
55734	4812	LTD Crown Victoria
55735	4812	M151
55736	4812	Mainline
55737	4812	Maverick
55738	4812	Model A
55739	4812	Model T
55740	4812	Mondeo
55741	4812	Mondeo ST
55742	4812	Mustang
55743	4812	Mustang Mach-E
55744	4812	Orion
55745	4812	Probe
55746	4812	Puma
55747	4812	Puma ST
55748	4812	Ranchero
55749	4812	Ranger
55750	4812	Ranger (North America)
55751	4812	S-MAX
55752	4812	Scorpio
55753	4812	Sierra
55754	4812	Spectron
55755	4812	Taunus
55756	4812	Taurus
55757	4812	Taurus X
55758	4812	Telstar
55759	4812	Tempo
55760	4812	Territory
55761	4812	Thunderbird
55762	4812	Torino
55763	4812	Tourneo Connect
55764	4812	Tourneo Courier
55765	4812	Tourneo Custom
55766	4812	Transit Connect
55767	4812	V8
55768	4812	Windstar
55769	4812	Zephyr
55770	4813	Midi
55771	4813	Sauvana
55772	4813	Tunland
55773	4814	125p
55774	4814	126p
55775	4814	127p
55776	4814	132p
55777	4814	Lanos
55778	4814	Polonez
55779	4814	Warszawa
55780	4815	6500 (Land King)
55781	4816	GE3
55782	4816	GN8
55783	4816	GS5
55784	4816	GS8
55785	4817	S
55786	4817	S Plus
55787	4817	Y
55788	4818	Atlas
55789	4818	Atlas Pro
55790	4818	Beauty Leopard
55791	4818	CK (Otaka)
55792	4818	Coolray
55793	4818	Emgrand 7
55794	4818	Emgrand EC7
55795	4818	Emgrand EC8
55796	4818	Emgrand GT
55797	4818	Emgrand X7
55798	4818	FC (Vision)
55799	4818	GC6
55800	4818	GC9
55801	4818	Geometry C
55802	4818	GS
55803	4818	Haoqing
55804	4818	LC (Panda)
55805	4818	LC (Panda) Cross
55806	4818	MK
55807	4818	MK Cross
55808	4818	MR
55809	4818	Preface
55810	4818	SC7
55811	4818	Tugella
55812	4818	TX4
55813	4819	G70
55814	4819	G80
55815	4819	G90
55816	4819	GV60
55817	4819	GV70
55818	4819	GV80
55819	4820	Metro
55820	4820	Prizm
55821	4820	Spectrum
55822	4820	Storm
55823	4820	Tracker
55824	4821	100
55825	4821	Acadia
55826	4821	Canyon
55827	4821	Envoy
55828	4821	Hummer EV
55829	4821	Jimmy
55830	4821	Safari
55831	4821	Savana
55832	4821	Sierra
55833	4821	Sonoma
55834	4821	Suburban
55835	4821	Syclone
55836	4821	Terrain
55837	4821	Typhoon
55838	4821	Vandura
55839	4821	Yukon
55840	4822	T
55841	4822	TS
55842	4823	Troy
55843	4824	Roadster
55844	4825	Madison
55845	4826	Coolbear
55846	4826	Cowry (V80)
55847	4826	Deer
55848	4826	Florid
55849	4826	Hover
55850	4826	Hover H3
55851	4826	Hover H5
55852	4826	Hover H6
55853	4826	Hover M1 (Peri 4x4)
55854	4826	Hover M2
55855	4826	Hover M4
55856	4826	Hover Pi
55857	4826	Pegasus
55858	4826	Peri
55859	4826	Poer
55860	4826	Safe
55861	4826	Sailor
55862	4826	Sing RUV
55863	4826	Socool
55864	4826	Voleex C10 (Phenom)
55865	4826	Voleex C30
55866	4826	Wingle
55867	4826	Wingle 7
55868	4827	Brio
55869	4827	Princip
55870	4827	Saibao
55871	4827	Sigma
55872	4827	Simbo
55873	4828	2
55874	4828	3
55875	4828	7
55876	4828	8S
55877	4828	Family
55878	4828	Family F7
55879	4828	Freema
55880	4828	M3
55881	4828	S5
55882	4829	Rekord
55883	4829	Typ 13
55884	4830	Dargo
55885	4830	F7
55886	4830	F7x
55887	4830	H2
55888	4830	H5
55889	4830	H6
55890	4830	H6 Coupe
55891	4830	H8
55892	4830	H9
55893	4830	Jolion
55894	4831	B21
55895	4831	Boliger
55896	4831	Laville
55897	4832	Typ 154
55898	4833	Venom F5
55899	4833	Venom GT
55900	4834	Ambassador
55901	4834	Contessa
55902	4835	K6
55903	4836	Apollo
55904	4836	Astra
55905	4836	Barina
55906	4836	Calais
55907	4836	Caprice
55908	4836	Commodore
55909	4836	Cruze
55910	4836	Frontera
55911	4836	Jackaroo
55912	4836	Monaro
55913	4836	Rodeo
55914	4836	Statesman
55915	4836	UTE
55916	4836	Vectra
55917	4836	Zafira
55918	4837	145
55919	4837	Accord
55920	4837	Acty
55921	4837	Airwave
55922	4837	Ascot
55923	4837	Ascot Innova
55924	4837	Avancier
55925	4837	Ballade
55926	4837	Beat
55927	4837	Brio
55928	4837	Capa
55929	4837	City
55930	4837	Civic
55931	4837	Civic Ferio
55932	4837	Civic Type R
55933	4837	Clarity
55934	4837	Concerto
55935	4837	CR-V
55936	4837	CR-X
55937	4837	CR-Z
55938	4837	Crossroad
55939	4837	Crosstour
55940	4837	Domani
55941	4837	e
55942	4837	Edix
55943	4837	Element
55944	4837	Elysion
55945	4837	Fit
55946	4837	Fit Aria
55947	4837	Fit Shuttle
55948	4837	FR-V
55949	4837	Freed
55950	4837	Grace
55951	4837	Horizon
55952	4837	HR-V
55953	4837	Insight
55954	4837	Inspire
55955	4837	Integra
55956	4837	Integra SJ
55957	4837	Jade
55958	4837	Jazz
55959	4837	Lagreat
55960	4837	Legend
55961	4837	Life
55962	4837	Logo
55963	4837	MDX
55964	4837	Mobilio
55965	4837	Mobilio Spike
55966	4837	N-BOX
55967	4837	N-BOX Slash
55968	4837	N-One
55969	4837	N-WGN
55970	4837	N360
55971	4837	NSX
55972	4837	Odyssey
55973	4837	Odyssey (North America)
55974	4837	Orthia
55975	4837	Partner
55976	4837	Passport
55977	4837	Pilot
55978	4837	Prelude
55979	4837	Quint
55980	4837	Rafaga
55981	4837	Ridgeline
55982	4837	S-MX
55983	4837	S2000
55984	4837	S500
55985	4837	S600
55986	4837	S660
55987	4837	Saber
55988	4837	Shuttle
55989	4837	Stepwgn
55990	4837	Stream
55991	4837	Street
55992	4837	ThatS
55993	4837	Today
55994	4837	Torneo
55995	4837	Vamos
55996	4837	Vezel
55997	4837	Vigor
55998	4837	Z
55999	4837	Zest
56000	4838	E-HS9
56001	4839	830
56002	4839	853
56003	4840	Neta U
56004	4841	Maloo
56005	4842	Antelope
56006	4842	Landscape
56007	4842	Plutus
56008	4843	Deluxe Eight
56009	4843	Super Six
56010	4844	H1
56011	4844	H2
56012	4844	H3
56013	4845	Accent
56014	4845	Aslan
56015	4845	Atos
56016	4845	Avante
56017	4845	Avante N
56018	4845	Azera
56019	4845	Bayon
56020	4845	Centennial
56021	4845	Click
56022	4845	Coupe
56023	4845	Creta
56024	4845	Dynasty
56025	4845	Elantra
56026	4845	Elantra N
56027	4845	Encino
56028	4845	Entourage
56029	4845	EON
56030	4845	Equus
56031	4845	Excel
56032	4845	Galloper
56033	4845	Genesis
56034	4845	Genesis Coupe
56035	4845	Getz
56036	4845	Grace
56037	4845	Grand Starex
56038	4845	Grandeur
56039	4845	H-1
56040	4845	H200
56041	4845	HB20
56042	4845	i10
56043	4845	i20
56044	4845	i20 N
56045	4845	i30
56046	4845	i30 N
56047	4845	i40
56048	4845	IONIQ
56049	4845	IONIQ 5
56050	4845	ix20
56051	4845	ix35
56052	4845	ix55
56053	4845	Kona
56054	4845	Lantra
56055	4845	Lavita
56056	4845	Marcia
56057	4845	Matrix
56058	4845	Maxcruz
56059	4845	Palisade
56060	4845	Pony
56061	4845	Santa Cruz
56062	4845	Santa Fe
56063	4845	Santamo
56064	4845	Scoupe
56065	4845	Solaris
56066	4845	Sonata
56067	4845	Starex
56068	4845	Staria
56069	4845	Stellar
56070	4845	Terracan
56071	4845	Tiburon
56072	4845	Trajet
56073	4845	Tucson
56074	4845	Tuscani
56075	4845	Veloster
56076	4845	Venue
56077	4845	Veracruz
56078	4845	Verna
56079	4845	XG
56080	4846	EX
56081	4846	FX
56082	4846	G
56083	4846	I
56084	4846	J
56085	4846	JX
56086	4846	M
56087	4846	Q
56088	4846	Q30
56089	4846	Q40
56090	4846	Q50
56091	4846	Q60
56092	4846	Q70
56093	4846	QX30
56094	4846	QX4
56095	4846	QX50
56096	4846	QX55
56097	4846	QX56
56098	4846	QX60
56099	4846	QX70
56100	4846	QX80
56101	4847	Elba
56102	4847	Mille
56103	4847	Mini
56104	4848	Travelall
56105	4849	S1
56106	4850	Dena
56107	4850	Paykan
56108	4850	Runna
56109	4850	Sahra
56110	4850	Samand
56111	4850	Sarir
56112	4850	Soren
56113	4851	Commendatore 112i
56114	4851	Imperator 108i
56115	4851	Spyder
56116	4852	117
56117	4852	Amigo
56118	4852	Ascender
56119	4852	Aska
56120	4852	Axiom
56121	4852	Bellett
56122	4852	Bighorn
56123	4852	D-Max
56124	4852	Fargo
56125	4852	Fargo Filly
56126	4852	Florian
56127	4852	Gemini
56128	4852	Hombre
56129	4852	Impulse
56130	4852	KB
56131	4852	Midi
56132	4852	MU
56133	4852	MU-7
56134	4852	MU-X
56135	4852	Oasis
56136	4852	Piazza
56137	4852	Rodeo
56138	4852	Stylus
56139	4852	TF (Pickup)
56140	4852	Trooper
56141	4852	VehiCross
56142	4852	Wizard
56143	4853	Massif
56144	4854	iEV7L
56145	4854	iEV7S
56146	4854	iEVS4
56147	4854	J2 (Yueyue)
56148	4854	J3 (Tongyue,Tojoy)
56149	4854	J4 (Heyue A30)
56150	4854	J5 (Heyue)
56151	4854	J6 (Heyue RS)
56152	4854	J7
56153	4854	J7 (Binyue)
56154	4854	M1 (Refine)
56155	4854	M5
56156	4854	S1 (Rein)
56157	4854	S3
56158	4854	S5 (Eagle)
56159	4854	S7
56160	4854	T6
56161	4855	E-Pace
56162	4855	E-type
56163	4855	F-Pace
56164	4855	F-Type
56165	4855	I-Pace
56166	4855	Mark 2
56167	4855	Mark IX
56168	4855	S-Type
56169	4855	X-Type
56170	4855	XE
56171	4855	XF
56172	4855	XFR
56173	4855	XJ
56174	4855	XJ220
56175	4855	XJR
56176	4855	XJS
56177	4855	XK
56178	4855	XKR
56179	4856	Cherokee
56180	4856	CJ
56181	4856	Comanche
56182	4856	Commander
56183	4856	Compass
56184	4856	Gladiator
56185	4856	Grand Cherokee
56186	4856	Liberty (North America)
56187	4856	Liberty (Patriot)
56188	4856	Renegade
56189	4856	Wagoneer
56190	4856	Wrangler
56191	4857	Interceptor
56192	4857	S-V8
56193	4858	Haise
56194	4859	Baodian
56195	4860	Avella
56196	4860	Borrego
56197	4860	Cadenza
56198	4860	Capital
56199	4860	Carens
56200	4860	Carnival
56201	4860	Carstar
56202	4860	Ceed
56203	4860	Ceed GT
56204	4860	Cerato
56205	4860	Clarus
56206	4860	Concord
56207	4860	Elan
56208	4860	Enterprise
56209	4860	EV6
56210	4860	Forte
56211	4860	Joice
56212	4860	K3
56213	4860	K5
56214	4860	K7
56215	4860	K8
56216	4860	K9
56217	4860	K900
56218	4860	Lotze
56219	4860	Magentis
56220	4860	Mentor
56221	4860	Mohave
56222	4860	Morning
56223	4860	Niro
56224	4860	Opirus
56225	4860	Optima
56226	4860	Picanto
56227	4860	Potentia
56228	4860	Pregio
56229	4860	Pride
56230	4860	Proceed
56231	4860	Quanlima
56232	4860	Quoris
56233	4860	Ray
56234	4860	Retona
56235	4860	Rio
56236	4860	Sedona
56237	4860	Seltos
56238	4860	Sephia
56239	4860	Shuma
56240	4860	Sorento
56241	4860	Soul
56242	4860	Soul EV
56243	4860	Spectra
56244	4860	Sportage
56245	4860	Stinger
56246	4860	Stonic
56247	4860	Telluride
56248	4860	Towner
56249	4860	Venga
56250	4860	Visto
56251	4860	X-Trek
56252	4860	XCeed
56253	4861	Agera
56254	4861	CC8S
56255	4861	CCR
56256	4861	CCX
56257	4861	Jesco
56258	4861	One:1
56259	4861	Regera
56260	4862	X-Bow
56261	4863	1111 Ока
56262	4863	2101
56263	4863	2102
56264	4863	2103
56265	4863	2104
56266	4863	2105
56267	4863	2106
56268	4863	2107
56269	4863	2108
56270	4863	2109
56271	4863	21099
56272	4863	2110
56273	4863	2111
56274	4863	2112
56275	4863	2113
56276	4863	2114
56277	4863	2115
56278	4863	2120 Надежда
56279	4863	2121 (4x4)
56280	4863	2123
56281	4863	2129
56282	4863	2131 (4x4)
56283	4863	2328
56284	4863	2329
56285	4863	EL Lada
56286	4863	Granta
56287	4863	Kalina
56288	4863	Largus
56289	4863	Niva
56290	4863	Niva Legend
56291	4863	Priora
56292	4863	Revolution
56293	4863	Vesta
56294	4863	XRAY
56295	4864	350/400 GT
56296	4864	Aventador
56297	4864	Centenario
56298	4864	Countach
56299	4864	Countach LPI 800-4
56300	4864	Diablo
56301	4864	Egoista
56302	4864	Espada
56303	4864	Gallardo
56304	4864	Huracán
56305	4864	Islero
56306	4864	Jalpa
56307	4864	Jarama
56308	4864	LM001
56309	4864	LM002
56310	4864	Miura
56311	4864	Murcielago
56312	4864	Reventon
56313	4864	Sesto Elemento
56314	4864	Silhouette
56315	4864	Sián
56316	4864	Urraco
56317	4864	Urus
56318	4864	Veneno
56319	4865	A 112
56320	4865	Appia
56321	4865	Aurelia
56322	4865	Beta
56323	4865	Dedra
56324	4865	Delta
56325	4865	Flaminia
56326	4865	Flavia
56327	4865	Fulvia
56328	4865	Gamma
56329	4865	Hyena
56330	4865	Kappa
56331	4865	Lambda
56332	4865	Lybra
56333	4865	Monte Carlo
56334	4865	Musa
56335	4865	Phedra
56336	4865	Prisma
56337	4865	Rally 037
56338	4865	Stratos
56339	4865	Thema
56340	4865	Thesis
56341	4865	Trevi
56342	4865	Voyager
56343	4865	Y10
56344	4865	Ypsilon
56345	4865	Zeta
56346	4866	Defender
56347	4866	Discovery
56348	4866	Discovery Sport
56349	4866	Freelander
56350	4866	Range Rover
56351	4866	Range Rover Evoque
56352	4866	Range Rover Sport
56353	4866	Range Rover Velar
56354	4866	Series I
56355	4866	Series II
56356	4866	Series III
56357	4867	Fashion (CV9)
56358	4867	Forward
56359	4867	X5
56360	4867	X6
56361	4867	X7
56362	4867	Х9
56363	4868	C11
56364	4869	CT
56365	4869	ES
56366	4869	GS
56367	4869	GS F
56368	4869	GX
56369	4869	HS
56370	4869	IS
56371	4869	IS F
56372	4869	LC
56373	4869	LFA
56374	4869	LM
56375	4869	LS
56376	4869	LX
56377	4869	NX
56378	4869	RC
56379	4869	RC F
56380	4869	RX
56381	4869	RZ
56382	4869	SC
56383	4869	UX
56384	4870	Leopard
56385	4871	650 EV
56386	4871	Breez (520)
56387	4871	Cebrium (720)
56388	4871	Celliya (530)
56389	4871	Murman (820)
56390	4871	Myway
56391	4871	Smily
56392	4871	Solano
56393	4871	X50
56394	4871	X60
56395	4871	X70
56396	4872	JS 51
56397	4873	Aviator
56398	4873	Blackwood
56399	4873	Capri
56400	4873	Continental
56401	4873	Corsair
56402	4873	LS
56403	4873	Mark III
56404	4873	Mark IV
56405	4873	Mark LT
56406	4873	Mark VII
56407	4873	Mark VIII
56408	4873	MKC
56409	4873	MKS
56410	4873	MKT
56411	4873	MKX
56412	4873	MKZ
56413	4873	Nautilus
56414	4873	Navigator
56415	4873	Premiere
56416	4873	Town Car
56417	4873	Versailles
56418	4873	Zephyr
56419	4874	One
56420	4875	EC30
56421	4876	3-Eleven
56422	4876	340R
56423	4876	Eclat
56424	4876	Elan
56425	4876	Eletre
56426	4876	Elise
56427	4876	Elite
56428	4876	Emira
56429	4876	Esprit
56430	4876	Europa
56431	4876	Europa S
56432	4876	Evora
56433	4876	Excel
56434	4876	Exige
56435	4877	TX
56436	4878	Air
56437	4879	Luxgen5
56438	4879	Luxgen7 MPV
56439	4879	Luxgen7 SUV
56440	4879	U6 Turbo
56441	4879	U7 Turbo
56442	4880	Armada
56443	4880	Bolero
56444	4880	CJ-3
56445	4880	CL
56446	4880	Commander
56447	4880	Marshal
56448	4880	MM
56449	4880	NC 640 DP
56450	4880	Scorpio
56451	4880	Verito
56452	4880	Voyager
56453	4880	Xylo
56454	4881	GTS
56455	4881	LM 400
56456	4881	LM 500
56457	4881	Mantis
56458	4881	Marcasite
56459	4882	5EXi
56460	4882	Sportster
56461	4883	B1
56462	4883	B2
56463	4884	1000
56464	4884	800
56465	4884	Alto
56466	4884	Baleno
56467	4884	Esteem
56468	4884	Gypsy
56469	4884	Omni
56470	4884	Versa
56471	4884	Wagon R
56472	4884	Zen
56473	4885	228
56474	4885	3200 GT
56475	4885	420
56476	4885	4200 GT
56477	4885	Barchetta Stradale
56478	4885	Biturbo
56479	4885	Bora
56480	4885	Chubasco
56481	4885	Ghibli
56482	4885	GranTurismo
56483	4885	Grecale
56484	4885	Indy
56485	4885	Karif
56486	4885	Khamsin
56487	4885	Kyalami
56488	4885	Levante
56489	4885	MC12
56490	4885	MC20
56491	4885	Merak
56492	4885	Mexico
56493	4885	Quattroporte
56494	4885	Royale
56495	4885	Shamal
56496	4886	Murena
56497	4887	57
56498	4887	62
56499	4887	Exelero
56500	4888	1000
56501	4888	121
56502	4888	1300
56503	4888	2
56504	4888	3
56505	4888	3 MPS
56506	4888	323
56507	4888	5
56508	4888	6
56509	4888	6 MPS
56510	4888	616
56511	4888	626
56512	4888	818
56513	4888	929
56514	4888	Atenza
56515	4888	Autozam AZ-3
56516	4888	Autozam Clef
56517	4888	Axela
56518	4888	AZ-1
56519	4888	AZ-Offroad
56520	4888	AZ-Wagon
56521	4888	B-series
56522	4888	Biante
56523	4888	Bongo
56524	4888	Bongo Friendee
56525	4888	BT-50
56526	4888	Capella
56527	4888	Carol
56528	4888	Chantez
56529	4888	Cosmo
56530	4888	Cronos
56531	4888	CX-3
56532	4888	CX-30
56533	4888	CX-4
56534	4888	CX-5
56535	4888	CX-7
56536	4888	CX-8
56537	4888	CX-9
56538	4888	Demio
56539	4888	Efini MS-6
56540	4888	Efini MS-8
56541	4888	Efini MS-9
56542	4888	Etude
56543	4888	Eunos 100
56544	4888	Eunos 300
56545	4888	Eunos 500
56546	4888	Eunos 800
56547	4888	Eunos Cosmo
56548	4888	Familia
56549	4888	Flair
56550	4888	Flair Crossover
56551	4888	Flair Wagon
56552	4888	Lantis
56553	4888	Laputa
56554	4888	Luce
56555	4888	Millenia
56556	4888	MPV
56557	4888	MX-3
56558	4888	MX-30
56559	4888	MX-5
56560	4888	MX-6
56561	4888	Navajo
56562	4888	Persona
56563	4888	Premacy
56564	4888	Proceed
56565	4888	Proceed Levante
56566	4888	Proceed Marvie
56567	4888	Protege
56568	4888	R360
56569	4888	Revue
56570	4888	Roadster
56571	4888	RX-7
56572	4888	RX-8
56573	4888	Scrum
56574	4888	Sentia
56575	4888	Spiano
56576	4888	Tribute
56577	4888	Verisa
56578	4888	Xedos 6
56579	4888	Xedos 9
56580	4889	540C
56581	4889	570GT
56582	4889	570S
56583	4889	600LT
56584	4889	650S
56585	4889	675LT
56586	4889	720S
56587	4889	765LT
56588	4889	Artura
56589	4889	F1
56590	4889	GT
56591	4889	MP4-12C
56592	4889	P1
56593	4889	Senna
56594	4890	Club
56595	4890	Monte Carlo
56596	4890	Track
56597	4891	190 (W201)
56598	4891	190 SL
56599	4891	220 (W187)
56600	4891	A-Класс
56601	4891	A-Класс AMG
56602	4891	AMG GT
56603	4891	B-Класс
56604	4891	C-Класс
56605	4891	C-Класс AMG
56606	4891	Citan
56607	4891	CL-Класс
56608	4891	CL-Класс AMG
56609	4891	CLA
56610	4891	CLA AMG
56611	4891	CLC-Класс
56612	4891	CLK AMG GTR
56613	4891	CLK-Класс
56614	4891	CLK-Класс AMG
56615	4891	CLS
56616	4891	CLS AMG
56617	4891	E-Класс
56618	4891	E-Класс AMG
56619	4891	EQA
56620	4891	EQB
56621	4891	EQC
56622	4891	EQE
56623	4891	EQE AMG
56624	4891	EQS
56625	4891	EQS AMG
56626	4891	EQS SUV
56627	4891	EQV
56628	4891	G-Класс
56629	4891	G-Класс AMG
56630	4891	G-Класс AMG 6x6
56631	4891	GL-Класс
56632	4891	GL-Класс AMG
56633	4891	GLA
56634	4891	GLA AMG
56635	4891	GLB
56636	4891	GLB AMG
56637	4891	GLC
56638	4891	GLC AMG
56639	4891	GLC Coupe
56640	4891	GLC Coupe AMG
56641	4891	GLE
56642	4891	GLE AMG
56643	4891	GLE Coupe
56644	4891	GLE Coupe AMG
56645	4891	GLK-Класс
56646	4891	GLS
56647	4891	GLS AMG
56648	4891	M-Класс
56649	4891	M-Класс AMG
56650	4891	Marco Polo
56651	4891	Maybach G 650 Landaulet
56652	4891	Maybach GLS
56653	4891	Maybach S-Класс
56654	4891	Metris
56655	4891	R-Класс
56656	4891	R-Класс AMG
56657	4891	S-Класс
56658	4891	S-Класс AMG
56659	4891	Simplex
56660	4891	SL-Класс
56661	4891	SL-Класс AMG
56662	4891	SLC
56663	4891	SLC AMG
56664	4891	SLK-Класс
56665	4891	SLK-Класс AMG
56666	4891	SLR McLaren
56667	4891	SLS AMG
56668	4891	T-Класс
56669	4891	V-Класс
56670	4891	Vaneo
56671	4891	Viano
56672	4891	Vito
56673	4891	W100
56674	4891	W105
56675	4891	W108
56676	4891	W110
56677	4891	W111
56678	4891	W114
56679	4891	W115
56680	4891	W120
56681	4891	W121
56682	4891	W123
56683	4891	W124
56684	4891	W128
56685	4891	W136
56686	4891	W138
56687	4891	W142
56688	4891	W186
56689	4891	W188
56690	4891	W189
56691	4891	W191
56692	4891	W21
56693	4891	W29
56694	4891	X-Класс
56695	4892	Capri
56696	4892	Colony Park
56697	4892	Cougar
56698	4892	Eight
56699	4892	Grand Marquis
56700	4892	Marauder
56701	4892	Mariner
56702	4892	Marquis
56703	4892	Milan
56704	4892	Montego
56705	4892	Monterey
56706	4892	Mountaineer
56707	4892	Mystique
56708	4892	Sable
56709	4892	Topaz
56710	4892	Tracer
56711	4892	Villager
56712	4893	KR200
56713	4894	Metrocab I
56714	4894	Metrocab II (TTT)
56715	4895	3
56716	4895	350
56717	4895	5
56718	4895	550
56719	4895	6
56720	4895	750
56721	4895	F
56722	4895	GS
56723	4895	Maestro
56724	4895	Metro
56725	4895	MGA
56726	4895	MGB
56727	4895	Midget
56728	4895	Montego
56729	4895	RV8
56730	4895	TD Midget
56731	4895	TF
56732	4895	Xpower SV
56733	4895	ZR
56734	4895	ZS
56735	4895	ZT
56736	4896	F8C
56737	4896	M.Go
56738	4896	M8
56739	4896	MC
56740	4896	Virgo
56741	4897	TF 1800
56742	4898	Cabrio
56743	4898	Clubman
56744	4898	Countryman
56745	4898	Coupe
56746	4898	Hatch
56747	4898	Paceman
56748	4898	Roadster
56749	4899	3000 GT
56750	4899	500
56751	4899	Airtrek
56752	4899	Aspire
56753	4899	ASX
56754	4899	Attrage
56755	4899	Bravo
56756	4899	Carisma
56757	4899	Celeste
56758	4899	Challenger
56759	4899	Chariot
56760	4899	Colt
56761	4899	Cordia
56762	4899	Debonair
56763	4899	Delica
56764	4899	Delica D:2
56765	4899	Delica D:3
56766	4899	Delica D:5
56767	4899	Diamante
56768	4899	Dignity
56769	4899	Dingo
56770	4899	Dion
56771	4899	Eclipse
56772	4899	Eclipse Cross
56773	4899	eK Active
56774	4899	eK Classic
56775	4899	eK Custom
56776	4899	eK Space
56777	4899	eK Sport
56778	4899	eK Wagon
56779	4899	Emeraude
56780	4899	Endeavor
56781	4899	Eterna
56782	4899	Freeca
56783	4899	FTO
56784	4899	Galant
56785	4899	Galant Fortis
56786	4899	Grandis
56787	4899	GTO
56788	4899	i
56789	4899	i-MiEV
56790	4899	Jeep J
56791	4899	L200
56792	4899	L300
56793	4899	L400
56794	4899	Lancer
56795	4899	Lancer Cargo
56796	4899	Lancer Evolution
56797	4899	Lancer Ralliart
56798	4899	Legnum
56799	4899	Libero
56800	4899	Minica
56801	4899	Minicab
56802	4899	Mirage
56803	4899	Montero
56804	4899	Montero Sport
56805	4899	Outlander
56806	4899	Pajero
56807	4899	Pajero iO
56808	4899	Pajero Junior
56809	4899	Pajero Mini
56810	4899	Pajero Pinin
56811	4899	Pajero Sport
56812	4899	Pistachio
56813	4899	Proudia
56814	4899	Raider
56815	4899	RVR
56816	4899	Sapporo
56817	4899	Savrin
56818	4899	Sigma
56819	4899	Space Gear
56820	4899	Space Runner
56821	4899	Space Star
56822	4899	Space Wagon
56823	4899	Starion
56824	4899	Strada
56825	4899	Toppo
56826	4899	Town Box
56827	4899	Tredia
56828	4899	Triton
56829	4899	Xpander
56830	4900	Galue
56831	4900	Galue 204
56832	4900	Himiko
56833	4900	Le-Seyde
56834	4900	Like
56835	4900	MC-1
56836	4900	Nouera
56837	4900	Orochi
56838	4900	Ray
56839	4900	Rock Star
56840	4900	Ryoga
56841	4900	Ryugi
56842	4900	Viewt
56843	4900	Yuga
56844	4900	Zero 1
56845	4901	3 Wheeler
56846	4901	4 Seater
56847	4901	4/4
56848	4901	Aero 8
56849	4901	Aero Coupe
56850	4901	Aero SuperSports
56851	4901	AeroMax
56852	4901	Plus 4
56853	4901	Plus 8
56854	4901	Roadster
56855	4902	Eight
56856	4902	Marina
56857	4903	Ambassador
56858	4904	EC6
56859	4904	ES6
56860	4904	ES8
56861	4904	ET7
56862	4905	100NX
56863	4905	180SX
56864	4905	200SX
56865	4905	240SX
56866	4905	280ZX
56867	4905	300ZX
56868	4905	350Z
56869	4905	370Z
56870	4905	AD
56871	4905	Almera
56872	4905	Almera Classic
56873	4905	Almera Tino
56874	4905	Altima
56875	4905	Ariya
56876	4905	Armada
56877	4905	Auster
56878	4905	Avenir
56879	4905	Bassara
56880	4905	BE-1
56881	4905	Bluebird
56882	4905	Bluebird Maxima
56883	4905	Bluebird Sylphy
56884	4905	Caravan
56885	4905	Cedric
56886	4905	Cefiro
56887	4905	Cherry
56888	4905	Cima
56889	4905	Clipper Rio
56890	4905	Crew
56891	4905	Cube
56892	4905	Datsun
56893	4905	Dayz
56894	4905	Dayz Roox
56895	4905	Dualis
56896	4905	Elgrand
56897	4905	Exa
56898	4905	Expert
56899	4905	Fairlady Z
56900	4905	Figaro
56901	4905	Fuga
56902	4905	Gloria
56903	4905	GT-R
56904	4905	Homy
56905	4905	Hypermini
56906	4905	Juke
56907	4905	Juke Nismo
56908	4905	Kicks
56909	4905	Kix
56910	4905	Lafesta
56911	4905	Langley
56912	4905	Largo
56913	4905	Latio
56914	4905	Laurel
56915	4905	Leaf
56916	4905	Leopard
56917	4905	Liberta Villa
56918	4905	Liberty
56919	4905	Livina
56920	4905	Lucino
56921	4905	March
56922	4905	Maxima
56923	4905	Micra
56924	4905	Mistral
56925	4905	Moco
56926	4905	Murano
56927	4905	Navara (Frontier)
56928	4905	Note
56929	4905	NP300
56930	4905	NV100 Clipper
56931	4905	NV200
56932	4905	NV300
56933	4905	NV350 Caravan
56934	4905	NX Coupe
56935	4905	Otti
56936	4905	Pao
56937	4905	Pathfinder
56938	4905	Patrol
56939	4905	Pino
56940	4905	Pixo
56941	4905	Prairie
56942	4905	Presage
56943	4905	Presea
56944	4905	President
56945	4905	Primastar
56946	4905	Primera
56947	4905	Pulsar
56948	4905	Qashqai
56949	4905	Qashqai+2
56950	4905	Quest
56951	4905	R-nessa
56952	4905	Rasheen
56953	4905	Rogue
56954	4905	Rogue Sport
56955	4905	Roox
56956	4905	Safari
56957	4905	Sentra
56958	4905	Serena
56959	4905	Silvia
56960	4905	Skyline
56961	4905	Skyline Crossover
56962	4905	Stagea
56963	4905	Stanza
56964	4905	Sunny
56965	4905	Sylphy Zero Emission
56966	4905	Teana
56967	4905	Terra
56968	4905	Terrano
56969	4905	Terrano Regulus
56970	4905	Tiida
56971	4905	Tino
56972	4905	Titan
56973	4905	Urvan
56974	4905	Vanette
56975	4905	Versa
56976	4905	Wingroad
56977	4905	X-Terra
56978	4905	X-Trail
56979	4905	Xterra
56980	4905	Z
56981	4906	M12 GTO
56982	4906	M15
56983	4906	M600
56984	4907	Achieva
56985	4907	Alero
56986	4907	Aurora
56987	4907	Bravada
56988	4907	Cutlass
56989	4907	Cutlass Calais
56990	4907	Cutlass Ciera
56991	4907	Cutlass Supreme
56992	4907	Eighty-Eight
56993	4907	Firenza
56994	4907	Intrigue
56995	4907	Ninety-Eight
56996	4907	Omega
56997	4907	Series 60
56998	4907	Series 70
56999	4907	Silhouette
57000	4907	Starfire
57001	4907	Toronado
57002	4907	Vista Cruiser
57003	4908	Adam
57004	4908	Admiral
57005	4908	Agila
57006	4908	Ampera
57007	4908	Antara
57008	4908	Ascona
57009	4908	Astra
57010	4908	Astra OPC
57011	4908	Calibra
57012	4908	Campo
57013	4908	Cascada
57014	4908	Combo
57015	4908	Commodore
57016	4908	Corsa
57017	4908	Corsa OPC
57018	4908	Crossland X
57019	4908	Diplomat
57020	4908	Frontera
57021	4908	Grandland X
57022	4908	GT
57023	4908	Insignia
57024	4908	Insignia OPC
57025	4908	Kadett
57026	4908	Kapitan
57027	4908	Karl
57028	4908	Manta
57029	4908	Meriva
57030	4908	Meriva OPC
57031	4908	Mokka
57032	4908	Monterey
57033	4908	Monza
57034	4908	Olympia
57035	4908	Omega
57036	4908	P4
57037	4908	Rekord
57038	4908	Senator
57039	4908	Signum
57040	4908	Sintra
57041	4908	Speedster
57042	4908	Super Six
57043	4908	Tigra
57044	4908	Vectra
57045	4908	Vectra OPC
57046	4908	Vita
57047	4908	Vivaro
57048	4908	Zafira
57049	4908	Zafira Life
57050	4908	Zafira OPC
57051	4909	2500 GT
57052	4910	200/250
57053	4910	Clipper
57054	4910	Custom Eight
57055	4910	One-Twenty
57056	4910	Six
57057	4910	Twelve
57058	4911	Huayra
57059	4911	Zonda
57060	4912	Esperante
57061	4912	Roadster
57062	4913	Alza
57063	4913	Kancil
57064	4913	Kelisa
57065	4913	Kembara
57066	4913	Kenari
57067	4913	MyVi
57068	4913	Nautica
57069	4913	Viva
57070	4914	1007
57071	4914	104
57072	4914	106
57073	4914	107
57074	4914	108
57075	4914	2008
57076	4914	201
57077	4914	202
57078	4914	203
57079	4914	204
57080	4914	205
57081	4914	205 GTi
57082	4914	206
57083	4914	207
57084	4914	208
57085	4914	208 GTi
57086	4914	3008
57087	4914	301
57088	4914	304
57089	4914	305
57090	4914	306
57091	4914	307
57092	4914	308
57093	4914	308 GTi
57094	4914	309
57095	4914	4007
57096	4914	4008
57097	4914	402
57098	4914	403
57099	4914	404
57100	4914	405
57101	4914	406
57102	4914	407
57103	4914	408
57104	4914	5008
57105	4914	504
57106	4914	505
57107	4914	508
57108	4914	604
57109	4914	605
57110	4914	607
57111	4914	806
57112	4914	807
57113	4914	Bipper
57114	4914	Expert
57115	4914	iOn
57116	4914	Partner
57117	4914	RCZ
57118	4914	Rifter
57119	4914	Traveller
57120	4915	Cevennes
57121	4915	Hemera
57122	4915	Speedster II
57123	4916	Porter
57124	4917	Twelve
57125	4918	Acclaim
57126	4918	Barracuda
57127	4918	Breeze
57128	4918	Caravelle
57129	4918	Cranbrook
57130	4918	Fury
57131	4918	Horizon
57132	4918	Laser
57133	4918	Neon
57134	4918	Prowler
57135	4918	Reliant
57136	4918	Road Runner
57137	4918	Satellite
57138	4918	Sundance
57139	4918	Turismo
57140	4918	Valiant
57141	4918	Volare
57142	4918	Voyager
57143	4919	1
57144	4919	2
57145	4920	6000
57146	4920	Aztek
57147	4920	Bonneville
57148	4920	Catalina
57149	4920	Fiero
57150	4920	Firebird
57151	4920	G4
57152	4920	G5
57153	4920	G6
57154	4920	G8
57155	4920	Grand AM
57156	4920	Grand Prix
57157	4920	GTO
57158	4920	Laurentian
57159	4920	LeMans
57160	4920	Montana
57161	4920	Parisienne
57162	4920	Phoenix
57163	4920	Solstice
57164	4920	Sunbird
57165	4920	Sunfire
57166	4920	Sunrunner
57167	4920	Tempest
57168	4920	Torpedo
57169	4920	Torrent
57170	4920	Trans Sport
57171	4920	Vibe
57172	4920	Wave
57173	4921	356
57174	4921	718 Spyder
57175	4921	911
57176	4921	911 GT2
57177	4921	911 GT3
57178	4921	911 R
57179	4921	912
57180	4921	914
57181	4921	918 Spyder
57182	4921	924
57183	4921	928
57184	4921	944
57185	4921	959
57186	4921	968
57187	4921	Boxster
57188	4921	Carrera GT
57189	4921	Cayenne
57190	4921	Cayman
57191	4921	Cayman GT4
57192	4921	Macan
57193	4921	Panamera
57194	4921	Taycan
57195	4922	118NE
57196	4922	Padmini
57197	4923	Arena
57198	4923	Exora
57199	4923	Gen-2
57200	4923	Inspira
57201	4923	Iriz
57202	4923	Juara
57203	4923	Perdana
57204	4923	Persona
57205	4923	Preve
57206	4923	Putra
57207	4923	Saga
57208	4923	Satria
57209	4923	Savvy
57210	4923	Tiara
57211	4923	Waja
57212	4923	Wira (400 Series)
57213	4923	X50
57214	4923	X70
57215	4924	G-modell
57216	4924	Pinzgauer
57217	4925	GTB
57218	4925	GTE
57219	4926	3
57220	4926	5
57221	4927	Mangusta
57222	4928	1500
57223	4928	ProMaster City
57224	4929	Gentra
57225	4929	Matiz
57226	4929	Nexia R3
57227	4929	R2
57228	4929	R4
57229	4930	Scimitar Sabre
57230	4931	Tropica Roadster
57231	4932	10
57232	4932	11
57233	4932	12
57234	4932	14
57235	4932	15
57236	4932	16
57237	4932	17
57238	4932	18
57239	4932	19
57240	4932	20
57241	4932	21
57242	4932	25
57243	4932	30
57244	4932	4
57245	4932	4CV
57246	4932	5
57247	4932	6
57248	4932	8
57249	4932	9
57250	4932	Alaskan
57251	4932	Arkana
57252	4932	Austral
57253	4932	Avantime
57254	4932	Captur
57255	4932	Caravelle
57256	4932	City K-ZE
57257	4932	Clio
57258	4932	Clio RS
57259	4932	Clio V6
57260	4932	Dauphine
57261	4932	Dokker
57262	4932	Duster
57263	4932	Espace
57264	4932	Floride
57265	4932	Fluence
57266	4932	Fregate
57267	4932	Fuego
57268	4932	Kadjar
57269	4932	Kangoo
57270	4932	Kaptur
57271	4932	Koleos
57272	4932	KWID
57273	4932	Laguna
57274	4932	Latitude
57275	4932	Lodgy
57276	4932	Logan
57277	4932	Megane
57278	4932	Megane E-Tech
57279	4932	Megane RS
57280	4932	Modus
57281	4932	Rodeo
57282	4932	Safrane
57283	4932	Sandero
57284	4932	Sandero RS
57285	4932	Scenic
57286	4932	Sport Spider
57287	4932	Symbol
57288	4932	Talisman
57289	4932	Trafic
57290	4932	Twingo
57291	4932	Twizy
57292	4932	Vel Satis
57293	4932	Vivastella
57294	4932	Wind
57295	4932	ZOE
57296	4933	QM3
57297	4933	QM5
57298	4933	QM6
57299	4933	SM3
57300	4933	SM5
57301	4933	SM6
57302	4933	SM7
57303	4934	Beast
57304	4934	Tank
57305	4935	C Two
57306	4935	Concept_One
57307	4935	Nevera
57308	4936	Chopster
57309	4937	R1T
57310	4938	E50
57311	4938	Ei5
57312	4939	20/25
57313	4939	Camargue
57314	4939	Corniche
57315	4939	Cullinan
57316	4939	Dawn
57317	4939	Ghost
57318	4939	Park Ward
57319	4939	Phantom
57320	4939	Silver Cloud
57321	4939	Silver Ghost
57322	4939	Silver Seraph
57323	4939	Silver Shadow
57324	4939	Silver Spirit
57325	4939	Silver Spur
57326	4939	Silver Wraith
57327	4939	Wraith
57328	4940	Lightning
57329	4941	100
57330	4941	14
57331	4941	200
57332	4941	25
57333	4941	400
57334	4941	45
57335	4941	600
57336	4941	75
57337	4941	800
57338	4941	Maestro
57339	4941	Metro
57340	4941	Mini
57341	4941	Montego
57342	4941	P3
57343	4941	P4
57344	4941	P6
57345	4941	SD1
57346	4941	Streetwise
57347	4942	600
57348	4942	9-2X
57349	4942	9-3
57350	4942	9-4X
57351	4942	9-5
57352	4942	9-7X
57353	4942	90
57354	4942	900
57355	4942	9000
57356	4942	93
57357	4942	95
57358	4942	96
57359	4942	99
57360	4942	Sonett
57361	4943	Saina
57362	4943	Tiba
57363	4944	S7
57364	4945	PS-10
57365	4946	Astra
57366	4946	Aura
57367	4946	ION
57368	4946	LS
57369	4946	LW
57370	4946	Outlook
57371	4946	Relay
57372	4946	SC
57373	4946	Sky
57374	4946	SL
57375	4946	SW
57376	4946	VUE
57377	4947	FR-S
57378	4947	iA
57379	4947	iM
57380	4947	iQ
57381	4947	tC
57382	4947	xA
57383	4947	xB
57384	4947	xD
57385	4948	Model J
57386	4949	133
57387	4949	Alhambra
57388	4949	Altea
57389	4949	Arona
57390	4949	Arosa
57391	4949	Ateca
57392	4949	Cordoba
57393	4949	Exeo
57394	4949	Fura
57395	4949	Ibiza
57396	4949	Ibiza Cupra
57397	4949	Inca
57398	4949	Leon
57399	4949	Leon Cupra
57400	4949	Malaga
57401	4949	Marbella
57402	4949	Mii
57403	4949	Ronda
57404	4949	Tarraco
57405	4949	Toledo
57406	4950	C31
57407	4950	C32
57408	4950	C51
57409	4950	C52
57410	4950	C61
57411	4950	C81
57412	4951	Noble
57413	4951	Sceo
57414	4952	1300/1500
57415	4952	1307
57416	4953	100 Series
57417	4953	105, 120
57418	4953	1200
57419	4953	Citigo
57420	4953	Enyaq
57421	4953	Enyaq Coupe
57422	4953	Enyaq Coupe RS
57423	4953	Fabia
57424	4953	Fabia RS
57425	4953	Favorit
57426	4953	Felicia
57427	4953	Forman
57428	4953	Kamiq
57429	4953	Karoq
57430	4953	Kodiaq
57431	4953	Kodiaq RS
57432	4953	Octavia
57433	4953	Octavia RS
57434	4953	Popular
57435	4953	Rapid
57436	4953	Roomster
57437	4953	Scala
57438	4953	Superb
57439	4953	Yeti
57440	4954	ET5
57441	4955	Forfour
57442	4955	Fortwo
57443	4955	Roadster
57444	4956	Lioncel
57445	4957	R42
57446	4958	C12
57447	4958	C8
57448	4959	Actyon
57449	4959	Actyon Sports
57450	4959	Chairman
57451	4959	Istana
57452	4959	Kallista
57453	4959	Korando
57454	4959	Korando Family
57455	4959	Korando Sports
57456	4959	Korando Turismo
57457	4959	Kyron
57458	4959	Musso
57459	4959	Nomad
57460	4959	Rexton
57461	4959	Rodius
57462	4959	Stavic
57463	4959	Tivoli
57464	4959	XLV
57465	4960	1500
57466	4961	Golden Hawk
57467	4962	1000
57468	4962	360
57469	4962	Alcyone
57470	4962	Ascent
57471	4962	Baja
57472	4962	Bighorn
57473	4962	Bistro
57474	4962	Brat
57475	4962	BRZ
57476	4962	Dex
57477	4962	Dias Wagon
57478	4962	Domingo
57479	4962	Exiga
57480	4962	Forester
57481	4962	Impreza
57482	4962	Impreza WRX
57483	4962	Impreza WRX STi
57484	4962	Justy
57485	4962	Legacy
57486	4962	Legacy Lancaster
57487	4962	Leone
57488	4962	Levorg
57489	4962	Libero
57490	4962	Lucra
57491	4962	Outback
57492	4962	Pleo
57493	4962	Pleo Plus
57494	4962	R1
57495	4962	R2
57496	4962	Rex
57497	4962	Sambar
57498	4962	Solterra
57499	4962	Stella
57500	4962	SVX
57501	4962	Traviq
57502	4962	Trezia
57503	4962	Tribeca
57504	4962	Vivio
57505	4962	WRX
57506	4962	WRX STi
57507	4962	XT
57508	4962	XV
57509	4963	Across
57510	4963	Aerio
57511	4963	Alto
57512	4963	Alto Lapin
57513	4963	APV
57514	4963	Baleno
57515	4963	Cappuccino
57516	4963	Cara
57517	4963	Carry
57518	4963	Celerio
57519	4963	Cervo
57520	4963	Cultus
57521	4963	Equator
57522	4963	Ertiga
57523	4963	Escudo
57524	4963	Esteem
57525	4963	Every
57526	4963	Forenza
57527	4963	Fronte
57528	4963	Grand Vitara
57529	4963	Hustler
57530	4963	Ignis
57531	4963	Jimny
57532	4963	Kei
57533	4963	Kizashi
57534	4963	Landy
57535	4963	Liana
57536	4963	MR Wagon
57537	4963	Palette
57538	4963	Reno
57539	4963	Samurai
57540	4963	Sidekick
57541	4963	Solio
57542	4963	Spacia
57543	4963	Splash
57544	4963	Swace
57545	4963	Swift
57546	4963	SX4
57547	4963	Twin
57548	4963	Verona
57549	4963	Vitara
57550	4963	Wagon R
57551	4963	Wagon R+
57552	4963	X-90
57553	4963	Xbee
57554	4963	XL7
57555	4964	1510
57556	4964	Avenger
57557	4964	Horizon
57558	4964	Rancho
57559	4964	Samba
57560	4964	Solara
57561	4964	Tagora
57562	4965	Aria
57563	4965	Estate
57564	4965	Indica
57565	4965	Indigo
57566	4965	Nano
57567	4965	Safari
57568	4965	Sierra
57569	4965	Sumo
57570	4965	Sumo Grande
57571	4965	Telcoline
57572	4965	Xenon
57573	4966	57
57574	4966	77
57575	4966	80
57576	4966	87
57577	4966	T600
57578	4966	T603
57579	4966	T613
57580	4966	T700
57581	4967	Zero
57582	4968	Cybertruck
57583	4968	Model 3
57584	4968	Model S
57585	4968	Model X
57586	4968	Model Y
57587	4968	Roadster
57588	4969	City
57589	4970	Century
57590	4970	Dragon
57591	4971	Admiral
57592	4972	Kartal
57593	4972	Murat 124
57594	4972	Murat 131
57595	4972	Sahin
57596	4972	Serce
57597	4973	2000GT
57598	4973	4Runner
57599	4973	Allex
57600	4973	Allion
57601	4973	Alphard
57602	4973	Altezza
57603	4973	Aqua
57604	4973	Aristo
57605	4973	Aurion
57606	4973	Auris
57607	4973	Avalon
57608	4973	Avanza
57609	4973	Avensis
57610	4973	Avensis Verso
57611	4973	Aygo
57612	4973	Aygo X
57613	4973	bB
57614	4973	Belta
57615	4973	Blade
57616	4973	Blizzard
57617	4973	Brevis
57618	4973	bZ4X
57619	4973	C-HR
57620	4973	Caldina
57621	4973	Cami
57622	4973	Camry
57623	4973	Camry Solara
57624	4973	Carina
57625	4973	Carina E
57626	4973	Carina ED
57627	4973	Cavalier
57628	4973	Celica
57629	4973	Celsior
57630	4973	Century
57631	4973	Chaser
57632	4973	Classic
57633	4973	Comfort
57634	4973	COMS
57635	4973	Corolla
57636	4973	Corolla Cross
57637	4973	Corolla II
57638	4973	Corolla Levin
57639	4973	Corolla Rumion
57640	4973	Corolla Spacio
57641	4973	Corolla Verso
57642	4973	Corona
57643	4973	Corona EXiV
57644	4973	Corsa
57645	4973	Cressida
57646	4973	Cresta
57647	4973	Crown
57648	4973	Crown Majesta
57649	4973	Curren
57650	4973	Cynos
57651	4973	Duet
57652	4973	Echo
57653	4973	Esquire
57654	4973	Estima
57655	4973	Etios
57656	4973	FJ Cruiser
57657	4973	Fortuner
57658	4973	FunCargo
57659	4973	Gaia
57660	4973	GR86
57661	4973	Grand HiAce
57662	4973	Granvia
57663	4973	GT86
57664	4973	Harrier
57665	4973	HiAce
57666	4973	Highlander
57667	4973	Hilux
57668	4973	Hilux Surf
57669	4973	Innova
57670	4973	Ipsum
57671	4973	iQ
57672	4973	ISis
57673	4973	Ist
57674	4973	Kluger
57675	4973	Land Cruiser
57676	4973	Land Cruiser Prado
57677	4973	Lite Ace
57678	4973	Mark II
57679	4973	Mark X
57680	4973	Mark X ZiO
57681	4973	MasterAce Surf
57682	4973	Matrix
57683	4973	Mega Cruiser
57684	4973	Mirai
57685	4973	Model F
57686	4973	MR-S
57687	4973	MR2
57688	4973	Nadia
57689	4973	Noah
57690	4973	Opa
57691	4973	Origin
57692	4973	Paseo
57693	4973	Passo
57694	4973	Passo Sette
57695	4973	Picnic
57696	4973	Pixis Epoch
57697	4973	Pixis Joy
57698	4973	Pixis Mega
57699	4973	Pixis Space
57700	4973	Pixis Van
57701	4973	Platz
57702	4973	Porte
57703	4973	Premio
57704	4973	Previa
57705	4973	Prius
57706	4973	Prius Alpha
57707	4973	Prius c
57708	4973	Prius v (+)
57709	4973	ProAce
57710	4973	ProAce City
57711	4973	Probox
57712	4973	Progres
57713	4973	Pronard
57714	4973	Publica
57715	4973	Ractis
57716	4973	Raize
57717	4973	Raum
57718	4973	RAV4
57719	4973	Regius
57720	4973	RegiusAce
57721	4973	Roomy
57722	4973	Rush
57723	4973	Sai
57724	4973	Scepter
57725	4973	Sequoia
57726	4973	Sera
57727	4973	Sienna
57728	4973	Sienta
57729	4973	Soarer
57730	4973	Soluna
57731	4973	Spade
57732	4973	Sparky
57733	4973	Sports 800
57734	4973	Sprinter
57735	4973	Sprinter Carib
57736	4973	Sprinter Marino
57737	4973	Sprinter Trueno
57738	4973	Starlet
57739	4973	Succeed
57740	4973	Supra
57741	4973	Tacoma
57742	4973	Tank
57743	4973	Tercel
57744	4973	Touring HiAce
57745	4973	Town Ace
57746	4973	Tundra
57747	4973	Urban Cruiser
57748	4973	Vanguard
57749	4973	Vellfire
57750	4973	Venza
57751	4973	Verossa
57752	4973	Verso
57753	4973	Verso-S
57754	4973	Vios
57755	4973	Vista
57756	4973	Vitz
57757	4973	Voltz
57758	4973	Voxy
57759	4973	WiLL
57760	4973	WiLL Cypha
57761	4973	Windom
57762	4973	Wish
57763	4973	Yaris
57764	4973	Yaris Cross
57765	4973	Yaris Verso
57766	4974	1.1
57767	4974	600
57768	4974	P 601
57769	4974	P50
57770	4975	Tramontana
57771	4976	Acclaim
57772	4976	Spitfire
57773	4976	Stag
57774	4976	TR3
57775	4976	TR4
57776	4976	TR6
57777	4976	TR7
57778	4976	TR8
57779	4977	280
57780	4977	350
57781	4977	390
57782	4977	400
57783	4977	420
57784	4977	450
57785	4977	Cerbera
57786	4977	Chimaera
57787	4977	Griffith
57788	4977	S-Series
57789	4977	Sagaris
57790	4977	Taimar
57791	4977	Tamora
57792	4977	Tasmin
57793	4977	Tuscan
57794	4978	Can-Am
57795	4978	GTR
57796	4978	RS
57797	4979	Adam
57798	4979	Ampera
57799	4979	Astra
57800	4979	Carlton
57801	4979	Cavalier
57802	4979	Chevette
57803	4979	Corsa
57804	4979	Firenza
57805	4979	Frontera
57806	4979	Insignia
57807	4979	Meriva
57808	4979	Mokka
57809	4979	Monaro
57810	4979	Omega
57811	4979	Royale
57812	4979	Tigra
57813	4979	Vectra
57814	4979	Velox
57815	4979	Ventora
57816	4979	Viceroy
57817	4979	Victor
57818	4979	Viva
57819	4979	VXR8
57820	4979	Zafira
57821	4980	M12
57822	4980	W8 Twin Turbo
57823	4981	210
57824	4981	260 LM
57825	4981	300 Atlantique
57826	4981	400 GT
57827	4982	181
57828	4982	Amarok
57829	4982	Arteon
57830	4982	Arteon R
57831	4982	Atlas
57832	4982	Atlas Cross Sport
57833	4982	Beetle
57834	4982	Bora
57835	4982	Caddy
57836	4982	California
57837	4982	Caravelle
57838	4982	Corrado
57839	4982	Derby
57840	4982	Eos
57841	4982	EuroVan
57842	4982	Fox
57843	4982	Gol
57844	4982	Golf
57845	4982	Golf Country
57846	4982	Golf GTI
57847	4982	Golf Plus
57848	4982	Golf R
57849	4982	Golf R32
57850	4982	Golf Sportsvan
57851	4982	ID.3
57852	4982	ID.4
57853	4982	ID.5
57854	4982	ID.6
57855	4982	ID.Buzz
57856	4982	Iltis
57857	4982	Jetta
57858	4982	K70
57859	4982	Karmann-Ghia
57860	4982	Lavida
57861	4982	Lupo
57862	4982	Lupo GTI
57863	4982	Multivan
57864	4982	Parati
57865	4982	Passat
57866	4982	Passat (North America)
57867	4982	Passat CC
57868	4982	Phaeton
57869	4982	Pointer
57870	4982	Polo
57871	4982	Polo GTI
57872	4982	Polo R WRC
57873	4982	Quantum
57874	4982	Routan
57875	4982	Santana
57876	4982	Scirocco
57877	4982	Scirocco R
57878	4982	Sharan
57879	4982	SpaceFox
57880	4982	T-Cross
57881	4982	T-Roc
57882	4982	T-Roc R
57883	4982	Taigo
57884	4982	Taos
57885	4982	Taro
57886	4982	Teramont
57887	4982	Tharu
57888	4982	Tiguan
57889	4982	Tiguan R
57890	4982	Touareg
57891	4982	Touran
57892	4982	Transporter
57893	4982	Type 1
57894	4982	Type 166
57895	4982	Type 2
57896	4982	Type 3
57897	4982	Type 4
57898	4982	Type 82
57899	4982	up!
57900	4982	Vento
57901	4982	XL1
57902	4983	120 Series
57903	4983	140 Series
57904	4983	164
57905	4983	240 Series
57906	4983	260 Series
57907	4983	300 Series
57908	4983	440
57909	4983	460
57910	4983	480
57911	4983	66
57912	4983	740
57913	4983	760
57914	4983	780
57915	4983	850
57916	4983	940
57917	4983	960
57918	4983	C30
57919	4983	C40
57920	4983	C70
57921	4983	Laplander
57922	4983	P1800
57923	4983	P1900
57924	4983	PV444
57925	4983	PV544
57926	4983	S40
57927	4983	S60
57928	4983	S60 Cross Country
57929	4983	S70
57930	4983	S80
57931	4983	S90
57932	4983	V40
57933	4983	V40 Cross Country
57934	4983	V50
57935	4983	V60
57936	4983	V60 Cross Country
57937	4983	V70
57938	4983	V90
57939	4983	V90 Cross Country
57940	4983	XC40
57941	4983	XC60
57942	4983	XC70
57943	4983	XC90
57944	4984	Corda
57945	4984	Estina
57946	4984	Tingo
57947	4985	Free
57948	4986	05
57949	4987	Fenyr Supersport
57950	4987	Lykan Hypersport
57951	4988	W23
57952	4988	W50
57953	4989	1.3
57954	4989	353
57955	4990	EX5
57956	4990	W6
57957	4991	SEi & Sport
57958	4991	SEiGHT
57959	4992	GT
57960	4992	Roadster
57961	4993	CJ
57962	4993	Jeepster
57963	4993	Knight Model 20
57964	4993	MB
57965	4994	Pickup X3
57966	4994	SR-V X3
57967	4994	SUV X3
57968	4995	G3
57969	4995	P7
57970	4996	Feeling
57971	4997	10
57972	4997	Florida
57973	4997	Skala
57974	4997	Yugo
57975	4998	001
57976	4999	E10
57977	5000	ST1
57978	5000	TSR-S
57979	5001	MK2
57980	5002	Coupa
57981	5002	E200
57982	5002	Nomad (RX6400)
57983	5002	SR9
57984	5002	T600
57985	5002	Z100
57986	5002	Z300
57987	5003	Admiral
57988	5003	Grand Tiger
57989	5003	Landmark
57990	5004	2160
57991	5004	2163
57992	5004	3101
57993	5005	12 ЗИМ
57994	5005	13 «Чайка»
57995	5005	14 «Чайка»
57996	5005	18
57997	5005	21 «Волга»
57998	5005	22 «Волга»
57999	5005	2308 «Атаман»
58000	5005	2330 «Тигр»
58001	5005	24 «Волга»
58002	5005	3102 «Волга»
58003	5005	31022 «Волга»
58004	5005	310221 «Волга»
58005	5005	31029 «Волга»
58006	5005	3103 «Волга»
58007	5005	3105 «Волга»
58008	5005	3110 «Волга»
58009	5005	31105 «Волга»
58010	5005	3111 «Волга»
58011	5005	46
58012	5005	61
58013	5005	64
58014	5005	69
58015	5005	Volga Siber
58016	5005	А
58017	5005	ГАЗ 67
58018	5005	М-20 «Победа»
58019	5005	М-72
58020	5005	М1
58021	5006	1102 «Таврия»
58022	5006	1103 «Славута»
58023	5006	1105 «Дана»
58024	5006	965
58025	5006	966
58026	5006	968
58027	5006	Chance
58028	5006	Forza
58029	5006	Lanos
58030	5006	Sens
58031	5006	Vida
58032	5007	111
58033	5007	114
58034	5007	117
58035	5007	4104
58036	5008	101
58037	5008	110
58038	5009	2125 «Комби»
58039	5009	2126 «Ода»
58040	5009	21261 «Фабула»
58041	5009	2715
58042	5009	2717
58043	5009	27175
58044	5009	Москвич-412
58045	5010	2317
58046	5011	Т98
58047	5012	1302 Волынь
58048	5012	967
58049	5012	969
58050	5013	2136
58051	5013	2137
58052	5013	2138
58053	5013	2140
58054	5013	2141
58055	5013	2142
58056	5013	400
58057	5013	401
58058	5013	402
58059	5013	403
58060	5013	407
58061	5013	408
58062	5013	410
58063	5013	411
58064	5013	412
58065	5013	423
58066	5013	424
58067	5013	426
58068	5013	427
58069	5013	430
58070	5013	434П
58071	5013	Дуэт
58072	5013	Иван Калита
58073	5013	Князь Владимир
58074	5013	Святогор
58075	5013	Юрий Долгорукий
58076	5014	С-1Л
58077	5014	С-3А
58078	5014	С-3Д
58079	5014	С-3Л
58080	5015	GT & Touring
58081	5015	Offroad
58082	5015	Shortcut
58083	5015	Багги Type 1
58084	5015	Драгстер
58085	5015	Дрифт-кар
58086	5015	Самоделки
58087	5015	Спортпрототип
58088	5015	Формула
58089	5015	Хот-род и Кастом
58090	5016	Aquila
58091	5016	C-30
58092	5016	C10
58093	5016	C190
58094	5016	Road Partner
58095	5016	Tager
58096	5016	Vega
58097	5017	3151
58098	5017	3153
58099	5017	3159
58100	5017	3160
58101	5017	3162 Simbir
58102	5017	469
58103	5017	Hunter
58104	5017	Patriot
58105	5017	Pickup
58106	5017	Астеро
58107	5018	Ё-Кроссовер
\.


--
-- Name: auth_group_id_seq; Type: SEQUENCE SET; Schema: public; Owner: test
--

SELECT pg_catalog.setval('public.auth_group_id_seq', 1, false);


--
-- Name: auth_group_permissions_id_seq; Type: SEQUENCE SET; Schema: public; Owner: test
--

SELECT pg_catalog.setval('public.auth_group_permissions_id_seq', 1, false);


--
-- Name: auth_permission_id_seq; Type: SEQUENCE SET; Schema: public; Owner: test
--

SELECT pg_catalog.setval('public.auth_permission_id_seq', 76, true);


--
-- Name: auth_user_groups_id_seq; Type: SEQUENCE SET; Schema: public; Owner: test
--

SELECT pg_catalog.setval('public.auth_user_groups_id_seq', 1, false);


--
-- Name: auth_user_id_seq; Type: SEQUENCE SET; Schema: public; Owner: test
--

SELECT pg_catalog.setval('public.auth_user_id_seq', 1, true);


--
-- Name: auth_user_user_permissions_id_seq; Type: SEQUENCE SET; Schema: public; Owner: test
--

SELECT pg_catalog.setval('public.auth_user_user_permissions_id_seq', 1, false);


--
-- Name: brand_id_seq; Type: SEQUENCE SET; Schema: public; Owner: postgres
--

SELECT pg_catalog.setval('public.brand_id_seq', 5018, true);


--
-- Name: django_admin_log_id_seq; Type: SEQUENCE SET; Schema: public; Owner: test
--

SELECT pg_catalog.setval('public.django_admin_log_id_seq', 2, true);


--
-- Name: django_content_type_id_seq; Type: SEQUENCE SET; Schema: public; Owner: test
--

SELECT pg_catalog.setval('public.django_content_type_id_seq', 19, true);


--
-- Name: django_migrations_id_seq; Type: SEQUENCE SET; Schema: public; Owner: test
--

SELECT pg_catalog.setval('public.django_migrations_id_seq', 21, true);


--
-- Name: drf_api_brand_id_seq; Type: SEQUENCE SET; Schema: public; Owner: test
--

SELECT pg_catalog.setval('public.drf_api_brand_id_seq', 1, true);


--
-- Name: model_id_seq; Type: SEQUENCE SET; Schema: public; Owner: postgres
--

SELECT pg_catalog.setval('public.model_id_seq', 58107, true);


--
-- Name: auth_group auth_group_name_key; Type: CONSTRAINT; Schema: public; Owner: test
--

ALTER TABLE ONLY public.auth_group
    ADD CONSTRAINT auth_group_name_key UNIQUE (name);


--
-- Name: auth_group_permissions auth_group_permissions_group_id_permission_id_0cd325b0_uniq; Type: CONSTRAINT; Schema: public; Owner: test
--

ALTER TABLE ONLY public.auth_group_permissions
    ADD CONSTRAINT auth_group_permissions_group_id_permission_id_0cd325b0_uniq UNIQUE (group_id, permission_id);


--
-- Name: auth_group_permissions auth_group_permissions_pkey; Type: CONSTRAINT; Schema: public; Owner: test
--

ALTER TABLE ONLY public.auth_group_permissions
    ADD CONSTRAINT auth_group_permissions_pkey PRIMARY KEY (id);


--
-- Name: auth_group auth_group_pkey; Type: CONSTRAINT; Schema: public; Owner: test
--

ALTER TABLE ONLY public.auth_group
    ADD CONSTRAINT auth_group_pkey PRIMARY KEY (id);


--
-- Name: auth_permission auth_permission_content_type_id_codename_01ab375a_uniq; Type: CONSTRAINT; Schema: public; Owner: test
--

ALTER TABLE ONLY public.auth_permission
    ADD CONSTRAINT auth_permission_content_type_id_codename_01ab375a_uniq UNIQUE (content_type_id, codename);


--
-- Name: auth_permission auth_permission_pkey; Type: CONSTRAINT; Schema: public; Owner: test
--

ALTER TABLE ONLY public.auth_permission
    ADD CONSTRAINT auth_permission_pkey PRIMARY KEY (id);


--
-- Name: auth_user_groups auth_user_groups_pkey; Type: CONSTRAINT; Schema: public; Owner: test
--

ALTER TABLE ONLY public.auth_user_groups
    ADD CONSTRAINT auth_user_groups_pkey PRIMARY KEY (id);


--
-- Name: auth_user_groups auth_user_groups_user_id_group_id_94350c0c_uniq; Type: CONSTRAINT; Schema: public; Owner: test
--

ALTER TABLE ONLY public.auth_user_groups
    ADD CONSTRAINT auth_user_groups_user_id_group_id_94350c0c_uniq UNIQUE (user_id, group_id);


--
-- Name: auth_user auth_user_pkey; Type: CONSTRAINT; Schema: public; Owner: test
--

ALTER TABLE ONLY public.auth_user
    ADD CONSTRAINT auth_user_pkey PRIMARY KEY (id);


--
-- Name: auth_user_user_permissions auth_user_user_permissions_pkey; Type: CONSTRAINT; Schema: public; Owner: test
--

ALTER TABLE ONLY public.auth_user_user_permissions
    ADD CONSTRAINT auth_user_user_permissions_pkey PRIMARY KEY (id);


--
-- Name: auth_user_user_permissions auth_user_user_permissions_user_id_permission_id_14a6b632_uniq; Type: CONSTRAINT; Schema: public; Owner: test
--

ALTER TABLE ONLY public.auth_user_user_permissions
    ADD CONSTRAINT auth_user_user_permissions_user_id_permission_id_14a6b632_uniq UNIQUE (user_id, permission_id);


--
-- Name: auth_user auth_user_username_key; Type: CONSTRAINT; Schema: public; Owner: test
--

ALTER TABLE ONLY public.auth_user
    ADD CONSTRAINT auth_user_username_key UNIQUE (username);


--
-- Name: brand brand_pkey; Type: CONSTRAINT; Schema: public; Owner: postgres
--

ALTER TABLE ONLY public.brand
    ADD CONSTRAINT brand_pkey PRIMARY KEY (id);


--
-- Name: django_admin_log django_admin_log_pkey; Type: CONSTRAINT; Schema: public; Owner: test
--

ALTER TABLE ONLY public.django_admin_log
    ADD CONSTRAINT django_admin_log_pkey PRIMARY KEY (id);


--
-- Name: django_content_type django_content_type_app_label_model_76bd3d3b_uniq; Type: CONSTRAINT; Schema: public; Owner: test
--

ALTER TABLE ONLY public.django_content_type
    ADD CONSTRAINT django_content_type_app_label_model_76bd3d3b_uniq UNIQUE (app_label, model);


--
-- Name: django_content_type django_content_type_pkey; Type: CONSTRAINT; Schema: public; Owner: test
--

ALTER TABLE ONLY public.django_content_type
    ADD CONSTRAINT django_content_type_pkey PRIMARY KEY (id);


--
-- Name: django_migrations django_migrations_pkey; Type: CONSTRAINT; Schema: public; Owner: test
--

ALTER TABLE ONLY public.django_migrations
    ADD CONSTRAINT django_migrations_pkey PRIMARY KEY (id);


--
-- Name: django_session django_session_pkey; Type: CONSTRAINT; Schema: public; Owner: test
--

ALTER TABLE ONLY public.django_session
    ADD CONSTRAINT django_session_pkey PRIMARY KEY (session_key);


--
-- Name: drf_api_brand drf_api_brand_pkey; Type: CONSTRAINT; Schema: public; Owner: test
--

ALTER TABLE ONLY public.drf_api_brand
    ADD CONSTRAINT drf_api_brand_pkey PRIMARY KEY (id);


--
-- Name: model model_pkey; Type: CONSTRAINT; Schema: public; Owner: postgres
--

ALTER TABLE ONLY public.model
    ADD CONSTRAINT model_pkey PRIMARY KEY (id);


--
-- Name: auth_group_name_a6ea08ec_like; Type: INDEX; Schema: public; Owner: test
--

CREATE INDEX auth_group_name_a6ea08ec_like ON public.auth_group USING btree (name varchar_pattern_ops);


--
-- Name: auth_group_permissions_group_id_b120cbf9; Type: INDEX; Schema: public; Owner: test
--

CREATE INDEX auth_group_permissions_group_id_b120cbf9 ON public.auth_group_permissions USING btree (group_id);


--
-- Name: auth_group_permissions_permission_id_84c5c92e; Type: INDEX; Schema: public; Owner: test
--

CREATE INDEX auth_group_permissions_permission_id_84c5c92e ON public.auth_group_permissions USING btree (permission_id);


--
-- Name: auth_permission_content_type_id_2f476e4b; Type: INDEX; Schema: public; Owner: test
--

CREATE INDEX auth_permission_content_type_id_2f476e4b ON public.auth_permission USING btree (content_type_id);


--
-- Name: auth_user_groups_group_id_97559544; Type: INDEX; Schema: public; Owner: test
--

CREATE INDEX auth_user_groups_group_id_97559544 ON public.auth_user_groups USING btree (group_id);


--
-- Name: auth_user_groups_user_id_6a12ed8b; Type: INDEX; Schema: public; Owner: test
--

CREATE INDEX auth_user_groups_user_id_6a12ed8b ON public.auth_user_groups USING btree (user_id);


--
-- Name: auth_user_user_permissions_permission_id_1fbb5f2c; Type: INDEX; Schema: public; Owner: test
--

CREATE INDEX auth_user_user_permissions_permission_id_1fbb5f2c ON public.auth_user_user_permissions USING btree (permission_id);


--
-- Name: auth_user_user_permissions_user_id_a95ead1b; Type: INDEX; Schema: public; Owner: test
--

CREATE INDEX auth_user_user_permissions_user_id_a95ead1b ON public.auth_user_user_permissions USING btree (user_id);


--
-- Name: auth_user_username_6821ab7c_like; Type: INDEX; Schema: public; Owner: test
--

CREATE INDEX auth_user_username_6821ab7c_like ON public.auth_user USING btree (username varchar_pattern_ops);


--
-- Name: django_admin_log_content_type_id_c4bce8eb; Type: INDEX; Schema: public; Owner: test
--

CREATE INDEX django_admin_log_content_type_id_c4bce8eb ON public.django_admin_log USING btree (content_type_id);


--
-- Name: django_admin_log_user_id_c564eba6; Type: INDEX; Schema: public; Owner: test
--

CREATE INDEX django_admin_log_user_id_c564eba6 ON public.django_admin_log USING btree (user_id);


--
-- Name: django_session_expire_date_a5c62663; Type: INDEX; Schema: public; Owner: test
--

CREATE INDEX django_session_expire_date_a5c62663 ON public.django_session USING btree (expire_date);


--
-- Name: django_session_session_key_c0390e0f_like; Type: INDEX; Schema: public; Owner: test
--

CREATE INDEX django_session_session_key_c0390e0f_like ON public.django_session USING btree (session_key varchar_pattern_ops);


--
-- Name: auth_group_permissions auth_group_permissio_permission_id_84c5c92e_fk_auth_perm; Type: FK CONSTRAINT; Schema: public; Owner: test
--

ALTER TABLE ONLY public.auth_group_permissions
    ADD CONSTRAINT auth_group_permissio_permission_id_84c5c92e_fk_auth_perm FOREIGN KEY (permission_id) REFERENCES public.auth_permission(id) DEFERRABLE INITIALLY DEFERRED;


--
-- Name: auth_group_permissions auth_group_permissions_group_id_b120cbf9_fk_auth_group_id; Type: FK CONSTRAINT; Schema: public; Owner: test
--

ALTER TABLE ONLY public.auth_group_permissions
    ADD CONSTRAINT auth_group_permissions_group_id_b120cbf9_fk_auth_group_id FOREIGN KEY (group_id) REFERENCES public.auth_group(id) DEFERRABLE INITIALLY DEFERRED;


--
-- Name: auth_permission auth_permission_content_type_id_2f476e4b_fk_django_co; Type: FK CONSTRAINT; Schema: public; Owner: test
--

ALTER TABLE ONLY public.auth_permission
    ADD CONSTRAINT auth_permission_content_type_id_2f476e4b_fk_django_co FOREIGN KEY (content_type_id) REFERENCES public.django_content_type(id) DEFERRABLE INITIALLY DEFERRED;


--
-- Name: auth_user_groups auth_user_groups_group_id_97559544_fk_auth_group_id; Type: FK CONSTRAINT; Schema: public; Owner: test
--

ALTER TABLE ONLY public.auth_user_groups
    ADD CONSTRAINT auth_user_groups_group_id_97559544_fk_auth_group_id FOREIGN KEY (group_id) REFERENCES public.auth_group(id) DEFERRABLE INITIALLY DEFERRED;


--
-- Name: auth_user_groups auth_user_groups_user_id_6a12ed8b_fk_auth_user_id; Type: FK CONSTRAINT; Schema: public; Owner: test
--

ALTER TABLE ONLY public.auth_user_groups
    ADD CONSTRAINT auth_user_groups_user_id_6a12ed8b_fk_auth_user_id FOREIGN KEY (user_id) REFERENCES public.auth_user(id) DEFERRABLE INITIALLY DEFERRED;


--
-- Name: auth_user_user_permissions auth_user_user_permi_permission_id_1fbb5f2c_fk_auth_perm; Type: FK CONSTRAINT; Schema: public; Owner: test
--

ALTER TABLE ONLY public.auth_user_user_permissions
    ADD CONSTRAINT auth_user_user_permi_permission_id_1fbb5f2c_fk_auth_perm FOREIGN KEY (permission_id) REFERENCES public.auth_permission(id) DEFERRABLE INITIALLY DEFERRED;


--
-- Name: auth_user_user_permissions auth_user_user_permissions_user_id_a95ead1b_fk_auth_user_id; Type: FK CONSTRAINT; Schema: public; Owner: test
--

ALTER TABLE ONLY public.auth_user_user_permissions
    ADD CONSTRAINT auth_user_user_permissions_user_id_a95ead1b_fk_auth_user_id FOREIGN KEY (user_id) REFERENCES public.auth_user(id) DEFERRABLE INITIALLY DEFERRED;


--
-- Name: django_admin_log django_admin_log_content_type_id_c4bce8eb_fk_django_co; Type: FK CONSTRAINT; Schema: public; Owner: test
--

ALTER TABLE ONLY public.django_admin_log
    ADD CONSTRAINT django_admin_log_content_type_id_c4bce8eb_fk_django_co FOREIGN KEY (content_type_id) REFERENCES public.django_content_type(id) DEFERRABLE INITIALLY DEFERRED;


--
-- Name: django_admin_log django_admin_log_user_id_c564eba6_fk_auth_user_id; Type: FK CONSTRAINT; Schema: public; Owner: test
--

ALTER TABLE ONLY public.django_admin_log
    ADD CONSTRAINT django_admin_log_user_id_c564eba6_fk_auth_user_id FOREIGN KEY (user_id) REFERENCES public.auth_user(id) DEFERRABLE INITIALLY DEFERRED;


--
-- Name: model model_id_brand_fkey; Type: FK CONSTRAINT; Schema: public; Owner: postgres
--

ALTER TABLE ONLY public.model
    ADD CONSTRAINT model_id_brand_fkey FOREIGN KEY (id_brand) REFERENCES public.brand(id) ON DELETE CASCADE;


--
-- PostgreSQL database dump complete
--

